ticker,rows,first_date,last_date,coverage_ratio,max_gap_days,currently_listed
A,4013,1999-11-18,2015-10-30,0.5954,7.0,True
AABA,0,,,0.0,,False
AAL,2542,2005-09-27,2015-10-30,0.3772,5.0,False
AAMRQ,0,,,0.0,,False
AAP,3505,2001-11-29,2015-10-30,0.52,5.0,False
AAPL,6511,1990-01-02,2015-10-30,0.966,7.0,True
ABBV,714,2013-01-02,2015-10-30,0.1059,4.0,True
ABC,0,,,0.0,,False
ABI,0,,,0.0,,False
ABKFQ,0,,,0.0,,False
ABNB,0,,,0.0,,True
ABS,0,,,0.0,,False
ABT,6511,1990-01-02,2015-10-30,0.966,7.0,True
ABX,0,,,0.0,,False
ACAS,0,,,0.0,,False
ACGL,5069,1995-09-14,2015-10-30,0.7521,7.0,True
ACKH,0,,,0.0,,False
ACN,3594,2001-07-19,2015-10-30,0.5332,7.0,True
ACS,0,,,0.0,,False
ACV,114,2015-05-21,2015-10-30,0.0169,4.0,False
ADBE,6511,1990-01-02,2015-10-30,0.966,7.0,True
ADCT,0,,,0.0,,False
ADI,6511,1990-01-02,2015-10-30,0.966,7.0,True
ADM,6511,1990-01-02,2015-10-30,0.966,7.0,True
ADP,6511,1990-01-02,2015-10-30,0.966,7.0,True
ADS,0,,,0.0,,False
ADSK,6511,1990-01-02,2015-10-30,0.966,7.0,True
ADT,0,,,0.0,,False
AEE,4487,1998-01-02,2015-10-30,0.6657,7.0,True
AEP,6511,1990-01-02,2015-10-30,0.966,7.0,True
AES,6136,1991-06-26,2015-10-30,0.9104,7.0,True
AET,0,,,0.0,,False
AFL,6511,1990-01-02,2015-10-30,0.966,7.0,True
AFS.A,0,,,0.0,,False
AGC,0,,,0.0,,False
AGN,0,,,0.0,,False
AHM,0,,,0.0,,False
AIG,6511,1990-01-02,2015-10-30,0.966,7.0,True
AIT,6511,1990-01-02,2015-10-30,0.966,7.0,False
AIV,5359,1994-07-22,2015-10-30,0.7951,7.0,False
AIZ,2956,2004-02-05,2015-10-30,0.4386,5.0,True
AJG,6511,1990-01-02,2015-10-30,0.966,7.0,True
AKAM,4027,1999-10-29,2015-10-30,0.5975,7.0,True
AKS,0,,,0.0,,False
AL,0,,,0.0,,False
ALB,5463,1994-02-22,2015-10-30,0.8105,7.0,True
ALGN,3712,2001-01-30,2015-10-30,0.5507,7.0,True
ALL,5646,1993-06-03,2015-10-30,0.8377,7.0,True
ALLE,492,2013-11-18,2015-10-30,0.073,4.0,True
ALTR,0,,,0.0,,False
ALXN,0,,,0.0,,False
AM,0,,,0.0,,False
AMAT,6511,1990-01-02,2015-10-30,0.966,7.0,True
AMCC,0,,,0.0,,False
AMCR,872,2012-05-15,2015-10-30,0.1294,5.0,True
AMD,6511,1990-01-02,2015-10-30,0.966,7.0,True
AME,6511,1990-01-02,2015-10-30,0.966,7.0,True
AMG,4514,1997-11-21,2015-10-30,0.6697,7.0,False
AMGN,6511,1990-01-02,2015-10-30,0.966,7.0,True
AMH,568,2013-08-01,2015-10-30,0.0843,4.0,False
AMP,2550,2005-09-15,2015-10-30,0.3783,5.0,True
AMT,4449,1998-02-27,2015-10-30,0.6601,7.0,True
AMZN,4647,1997-05-15,2015-10-30,0.6895,7.0,True
AN,6420,1990-05-11,2015-10-30,0.9525,7.0,False
ANDV,0,,,0.0,,False
ANDW,0,,,0.0,,False
ANET,355,2014-06-06,2015-10-30,0.0527,4.0,True
ANF,4807,1996-09-26,2015-10-30,0.7132,7.0,False
ANRZQ,0,,,0.0,,False
ANTM,0,,,0.0,,False
ANV,0,,,0.0,,False
AON,6511,1990-01-02,2015-10-30,0.966,7.0,True
AOS,6511,1990-01-02,2015-10-30,0.966,7.0,True
APA,6511,1990-01-02,2015-10-30,0.966,7.0,True
APC,0,,,0.0,,False
APCC,0,,,0.0,,False
APD,6511,1990-01-02,2015-10-30,0.966,7.0,True
APH,6041,1991-11-08,2015-10-30,0.8963,7.0,True
APO,1156,2011-03-30,2015-10-30,0.1715,5.0,True
APOL,0,,,0.0,,False
APP,0,,,0.0,,True
APTV,994,2011-11-17,2015-10-30,0.1475,5.0,True
AR,519,2013-10-10,2015-10-30,0.077,4.0,False
ARC,0,,,0.0,,False
ARE,4639,1997-05-28,2015-10-30,0.6883,7.0,True
ARES,379,2014-05-02,2015-10-30,0.0562,4.0,True
ARG,0,,,0.0,,False
ARNC,0,,,0.0,,False
AS,0,,,0.0,,False
ASC,568,2013-08-01,2015-10-30,0.0843,4.0,False
ASH,6511,1990-01-02,2015-10-30,0.966,7.0,False
ASN,0,,,0.0,,False
ASND,193,2015-01-28,2015-10-30,0.0286,4.0,False
ASO,0,,,0.0,,False
AT,0,,,0.0,,False
ATGE,0,,,0.0,,False
ATI,4007,1999-11-29,2015-10-30,0.5945,7.0,False
ATO,6511,1990-01-02,2015-10-30,0.966,7.0,True
ATVI,0,,,0.0,,False
AV,0,,,0.0,,False
AVB,0,,,0.0,,False
AVGO,1571,2009-08-06,2015-10-30,0.2331,5.0,True
AVP,0,,,0.0,,False
AVY,6511,1990-01-02,2015-10-30,0.966,7.0,True
AW,0,,,0.0,,False
AWE,0,,,0.0,,False
AWK,1896,2008-04-23,2015-10-30,0.2813,5.0,True
AXON,3615,2001-06-19,2015-10-30,0.5364,7.0,True
AXP,6511,1990-01-02,2015-10-30,0.966,7.0,True
AYE,0,,,0.0,,False
AZA.A,0,,,0.0,,False
AZO,6196,1991-04-02,2015-10-30,0.9193,7.0,True
BA,6511,1990-01-02,2015-10-30,0.966,7.0,True
BAC,6511,1990-01-02,2015-10-30,0.966,7.0,True
BALL,6511,1990-01-02,2015-10-30,0.966,7.0,True
BAX,6511,1990-01-02,2015-10-30,0.966,7.0,True
BAY,0,,,0.0,,False
BBBY,0,,,0.0,,False
BBI,0,,,0.0,,False
BBT,3860,2000-06-28,2015-10-30,0.5727,7.0,False
BBY,6511,1990-01-02,2015-10-30,0.966,7.0,True
BC,6511,1990-01-02,2015-10-30,0.966,7.0,False
BCO,4993,1996-01-03,2015-10-30,0.7408,7.0,False
BCR,0,,,0.0,,False
BDK,0,,,0.0,,False
BDX,6511,1990-01-02,2015-10-30,0.966,7.0,True
BE,0,,,0.0,,True
BEAM,0,,,0.0,,False
BEN,6511,1990-01-02,2015-10-30,0.966,7.0,True
BEV,0,,,0.0,,False
BF-B,6511,1990-01-02,2015-10-30,0.966,7.0,True
BF.B,0,,,0.0,,False
BFI,0,,,0.0,,False
BFO,0,,,0.0,,False
BG,3584,2001-08-02,2015-10-30,0.5318,7.0,True
BGEN,0,,,0.0,,False
BGG,0,,,0.0,,False
BHGE,0,,,0.0,,False
BHMSQ,0,,,0.0,,False
BIG,0,,,0.0,,False
BIIB,6079,1991-09-17,2015-10-30,0.9019,7.0,True
BJS,0,,,0.0,,False
BK,0,,,0.0,,False
BKB,0,,,0.0,,False
BKNG,4175,1999-03-31,2015-10-30,0.6194,7.0,True
BKR,6511,1990-01-02,2015-10-30,0.966,7.0,True
BLK,4047,1999-10-01,2015-10-30,0.6004,7.0,True
BLL,0,,,0.0,,False
BLS,0,,,0.0,,False
BLY,0,,,0.0,,False
BMC,0,,,0.0,,False
BMET,0,,,0.0,,False
BMGCA,0,,,0.0,,False
BMS,0,,,0.0,,False
BMY,6511,1990-01-02,2015-10-30,0.966,7.0,True
BNI,0,,,0.0,,False
BNL,0,,,0.0,,False
BNY,6511,1990-01-02,2015-10-30,0.966,7.0,True
BOAT,0,,,0.0,,False
BOL,0,,,0.0,,False
BR,2170,2007-03-22,2015-10-30,0.322,5.0,True
BRCM,0,,,0.0,,False
BRK-B,4904,1996-05-09,2015-10-30,0.7276,7.0,True
BRK.B,0,,,0.0,,False
BRL,0,,,0.0,,False
BRO,6511,1990-01-02,2015-10-30,0.966,7.0,True
BSC,0,,,0.0,,False
BSX,5909,1992-05-19,2015-10-30,0.8767,7.0,True
BT,0,,,0.0,,False
BTUUQ,0,,,0.0,,False
BUD,1596,2009-07-01,2015-10-30,0.2368,5.0,False
BVSN,0,,,0.0,,False
BWA,5596,1993-08-13,2015-10-30,0.8303,7.0,False
BX,2106,2007-06-22,2015-10-30,0.3125,5.0,True
BXLT,0,,,0.0,,False
BXP,4624,1997-06-18,2015-10-30,0.6861,7.0,True
C,6511,1990-01-02,2015-10-30,0.966,7.0,True
CA,0,,,0.0,,False
CAG,6511,1990-01-02,2015-10-30,0.966,7.0,False
CAH,6511,1990-01-02,2015-10-30,0.966,7.0,True
CAL,6511,1990-01-02,2015-10-30,0.966,7.0,False
CAM,0,,,0.0,,False
CAR,6511,1990-01-02,2015-10-30,0.966,7.0,False
CARR,0,,,0.0,,True
CASY,6511,1990-01-02,2015-10-30,0.966,7.0,True
CAT,6511,1990-01-02,2015-10-30,0.966,7.0,True
CB,5694,1993-03-25,2015-10-30,0.8448,7.0,True
CBB,0,,,0.0,,False
CBE,0,,,0.0,,False
CBH,0,,,0.0,,False
CBOE,1356,2010-06-15,2015-10-30,0.2012,5.0,True
CBRE,2869,2004-06-10,2015-10-30,0.4257,5.0,True
CBS,0,,,0.0,,False
CBSS,0,,,0.0,,False
CCB,0,,,0.0,,False
CCE,0,,,0.0,,False
CCI,4330,1998-08-18,2015-10-30,0.6424,7.0,True
CCK,6511,1990-01-02,2015-10-30,0.966,7.0,False
CCL,6511,1990-01-02,2015-10-30,0.966,7.0,True
CCTYQ,0,,,0.0,,False
CCU,5820,1992-09-24,2015-10-30,0.8635,7.0,False
CDNS,6511,1990-01-02,2015-10-30,0.966,7.0,True
CDW,592,2013-06-27,2015-10-30,0.0878,4.0,True
CE,2714,2005-01-21,2015-10-30,0.4027,5.0,False
CEG,0,,,0.0,,True
CELG,0,,,0.0,,False
CEN,0,,,0.0,,False
CEPH,0,,,0.0,,False
CERN,0,,,0.0,,False
CF,2574,2005-08-11,2015-10-30,0.3819,5.0,True
CFC,0,,,0.0,,False
CFG,279,2014-09-24,2015-10-30,0.0414,4.0,True
CFL,0,,,0.0,,False
CFN,0,,,0.0,,False
CG,880,2012-05-03,2015-10-30,0.1306,5.0,False
CGP,0,,,0.0,,False
CHA,0,,,0.0,,False
CHD,6511,1990-01-02,2015-10-30,0.966,7.0,True
CHIR,0,,,0.0,,False
CHK,0,,,0.0,,False
CHRS,248,2014-11-06,2015-10-30,0.0368,4.0,False
CHRW,4540,1997-10-16,2015-10-30,0.6736,7.0,True
CHTR,1467,2010-01-05,2015-10-30,0.2177,5.0,True
CI,6511,1990-01-02,2015-10-30,0.966,7.0,True
CIEN,4714,1997-02-07,2015-10-30,0.6994,7.0,True
CIN,0,,,0.0,,False
CINF,6511,1990-01-02,2015-10-30,0.966,7.0,True
CIT.A,0,,,0.0,,False
CITGQ,0,,,0.0,,False
CL,6511,1990-01-02,2015-10-30,0.966,7.0,True
CLF,6511,1990-01-02,2015-10-30,0.966,7.0,False
CLX,6511,1990-01-02,2015-10-30,0.966,7.0,True
CMA,0,,,0.0,,False
CMB,0,,,0.0,,False
CMCSA,6511,1990-01-02,2015-10-30,0.966,7.0,True
CMCSK,0,,,0.0,,False
CME,3248,2002-12-06,2015-10-30,0.4819,5.0,True
CMG,2459,2006-01-26,2015-10-30,0.3648,5.0,True
CMI,6511,1990-01-02,2015-10-30,0.966,7.0,True
CMS,6511,1990-01-02,2015-10-30,0.966,7.0,True
CMVT,0,,,0.0,,False
CMX,0,,,0.0,,False
CNC,3495,2001-12-13,2015-10-30,0.5185,5.0,True
CNG,0,,,0.0,,False
CNP,6511,1990-01-02,2015-10-30,0.966,7.0,True
CNW,0,,,0.0,,False
CNX,4154,1999-04-30,2015-10-30,0.6163,7.0,False
CNXT,322,2014-07-24,2015-10-30,0.0478,4.0,False
COC.B,0,,,0.0,,False
COF,5277,1994-11-16,2015-10-30,0.7829,7.0,True
COG,0,,,0.0,,False
COHR,6511,1990-01-02,2015-10-30,0.966,7.0,True
COIN,0,,,0.0,,True
COL,0,,,0.0,,False
COMS,1816,2008-08-15,2015-10-30,0.2694,5.0,False
COO,6511,1990-01-02,2015-10-30,0.966,7.0,True
COP,6511,1990-01-02,2015-10-30,0.966,7.0,True
COR,5182,1995-04-04,2015-10-30,0.7688,7.0,True
COST,6511,1990-01-02,2015-10-30,0.966,7.0,True
COV,0,,,0.0,,False
CPAY,1228,2010-12-15,2015-10-30,0.1822,5.0,True
CPB,6511,1990-01-02,2015-10-30,0.966,7.0,False
CPGX,0,,,0.0,,False
CPNLQ,0,,,0.0,,False
CPQ,0,,,0.0,,False
CPRT,5446,1994-03-17,2015-10-30,0.808,7.0,True
CPT,5612,1993-07-22,2015-10-30,0.8326,7.0,True
CPWR,2243,2006-12-04,2015-10-30,0.3328,5.0,False
CR,0,,,0.0,,False
CRH,6511,1990-01-02,2015-10-30,0.966,7.0,True
CRL,3863,2000-06-23,2015-10-30,0.5731,7.0,True
CRM,2861,2004-06-23,2015-10-30,0.4245,5.0,True
CRR,0,,,0.0,,False
CRWD,0,,,0.0,,True
CSCO,6478,1990-02-16,2015-10-30,0.9611,7.0,True
CSE,0,,,0.0,,False
CSGP,4363,1998-07-01,2015-10-30,0.6473,7.0,True
CSR,4539,1997-10-17,2015-10-30,0.6734,7.0,False
CSX,6511,1990-01-02,2015-10-30,0.966,7.0,True
CTAS,6511,1990-01-02,2015-10-30,0.966,7.0,True
CTB,0,,,0.0,,False
CTL,0,,,0.0,,False
CTSH,4371,1998-06-19,2015-10-30,0.6485,7.0,True
CTVA,0,,,0.0,,True
CTX,0,,,0.0,,False
CTXS,0,,,0.0,,False
CVC,0,,,0.0,,False
CVG,0,,,0.0,,False
CVH,0,,,0.0,,False
CVNA,0,,,0.0,,True
CVS,6511,1990-01-02,2015-10-30,0.966,7.0,True
CVX,6511,1990-01-02,2015-10-30,0.966,7.0,True
CYM,0,,,0.0,,False
CYR,0,,,0.0,,False
D,6511,1990-01-02,2015-10-30,0.966,7.0,True
DAL,2141,2007-05-03,2015-10-30,0.3177,5.0,True
DALRQ,0,,,0.0,,False
DASH,0,,,0.0,,True
DCNAQ,0,,,0.0,,False
DD,6511,1990-01-02,2015-10-30,0.966,7.0,True
DDOG,0,,,0.0,,True
DDR,0,,,0.0,,False
DDS,6511,1990-01-02,2015-10-30,0.966,7.0,False
DE,6511,1990-01-02,2015-10-30,0.966,7.0,True
DEC,0,,,0.0,,False
DECK,5552,1993-10-15,2015-10-30,0.8237,7.0,True
DELL,0,,,0.0,,True
DF,0,,,0.0,,False
DFS,0,,,0.0,,False
DG,1501,2009-11-13,2015-10-30,0.2227,5.0,True
DGN,0,,,0.0,,False
DGX,4750,1996-12-17,2015-10-30,0.7047,7.0,True
DHI,5897,1992-06-05,2015-10-30,0.8749,7.0,True
DHR,6511,1990-01-02,2015-10-30,0.966,7.0,True
DI,0,,,0.0,,False
DIGI,1378,2010-05-13,2015-10-30,0.2045,5.0,False
DIS,6511,1990-01-02,2015-10-30,0.966,7.0,True
DISCA,0,,,0.0,,False
DISCK,0,,,0.0,,False
DJ,0,,,0.0,,False
DLR,2771,2004-10-29,2015-10-30,0.4111,5.0,True
DLTR,5202,1995-03-07,2015-10-30,0.7718,7.0,True
DLX,6511,1990-01-02,2015-10-30,0.966,7.0,False
DNB,0,,,0.0,,False
DNR,0,,,0.0,,False
DO,0,,,0.0,,False
DOC,6511,1990-01-02,2015-10-30,0.966,7.0,True
DOV,6511,1990-01-02,2015-10-30,0.966,7.0,True
DOW,0,,,0.0,,True
DPHIQ,0,,,0.0,,False
DPZ,2848,2004-07-13,2015-10-30,0.4226,5.0,True
DRI,5158,1995-05-09,2015-10-30,0.7653,7.0,True
DTE,6511,1990-01-02,2015-10-30,0.966,7.0,True
DTV,0,,,0.0,,False
DUK,6511,1990-01-02,2015-10-30,0.966,7.0,True
DVA,5036,1995-10-31,2015-10-30,0.7472,7.0,True
DVN,6511,1990-01-02,2015-10-30,0.966,7.0,True
DWD,0,,,0.0,,False
DXC,6511,1990-01-02,2015-10-30,0.966,7.0,False
DXCM,2657,2005-04-14,2015-10-30,0.3942,5.0,True
DYN,0,,,0.0,,False
EA,0,,,0.0,,False
EBAY,4304,1998-09-24,2015-10-30,0.6386,7.0,True
EC,1793,2008-09-18,2015-10-30,0.266,5.0,False
ECH,2001,2007-11-20,2015-10-30,0.2969,5.0,False
ECHO,1973,2008-01-02,2015-10-30,0.2927,5.0,True
ECL,6511,1990-01-02,2015-10-30,0.966,7.0,True
ECO,0,,,0.0,,False
ED,6511,1990-01-02,2015-10-30,0.966,7.0,True
EDS,0,,,0.0,,False
EFU,2019,2007-10-25,2015-10-30,0.2996,5.0,False
EFX,6511,1990-01-02,2015-10-30,0.966,7.0,True
EG,5056,1995-10-03,2015-10-30,0.7501,7.0,True
EHC,6511,1990-01-02,2015-10-30,0.966,7.0,False
EIX,6511,1990-01-02,2015-10-30,0.966,7.0,True
EKDKQ,0,,,0.0,,False
EL,5023,1995-11-17,2015-10-30,0.7453,7.0,True
ELV,3526,2001-10-30,2015-10-30,0.5231,5.0,True
EMC,0,,,0.0,,False
EME,5241,1995-01-10,2015-10-30,0.7776,7.0,True
EMN,5511,1993-12-14,2015-10-30,0.8177,7.0,False
EMR,6511,1990-01-02,2015-10-30,0.966,7.0,True
ENDP,0,,,0.0,,False
ENRNQ,0,,,0.0,,False
ENS,2834,2004-08-02,2015-10-30,0.4205,5.0,False
EOG,6511,1990-01-02,2015-10-30,0.966,7.0,True
EOP,0,,,0.0,,False
EP,4029,1999-10-27,2015-10-30,0.5978,7.0,False
EQ,0,,,0.0,,False
EQIX,3829,2000-08-11,2015-10-30,0.5681,7.0,True
EQR,0,,,0.0,,False
EQT,6511,1990-01-02,2015-10-30,0.966,7.0,True
ERIE,5057,1995-10-02,2015-10-30,0.7503,7.0,True
ES,6511,1990-01-02,2015-10-30,0.966,7.0,True
ESRX,0,,,0.0,,False
ESS,5391,1994-06-07,2015-10-30,0.7999,7.0,True
ESV,0,,,0.0,,False
ETFC,0,,,0.0,,False
ETN,6511,1990-01-02,2015-10-30,0.966,7.0,True
ETR,6511,1990-01-02,2015-10-30,0.966,7.0,True
ETS,0,,,0.0,,False
EVRG,6511,1990-01-02,2015-10-30,0.966,7.0,True
EW,3925,2000-03-27,2015-10-30,0.5823,7.0,True
EXC,6511,1990-01-02,2015-10-30,0.966,7.0,True
EXE,0,,,0.0,,True
EXPD,6511,1990-01-02,2015-10-30,0.966,7.0,True
EXPE,2589,2005-07-21,2015-10-30,0.3841,5.0,True
EXR,2824,2004-08-16,2015-10-30,0.419,5.0,True
F,6511,1990-01-02,2015-10-30,0.966,7.0,True
FANG,767,2012-10-12,2015-10-30,0.1138,5.0,True
FAST,6511,1990-01-02,2015-10-30,0.966,7.0,True
FB,0,,,0.0,,False
FBF,0,,,0.0,,False
FBO,0,,,0.0,,False
FCN,4904,1996-05-09,2015-10-30,0.7276,7.0,False
FCX,5116,1995-07-10,2015-10-30,0.7591,7.0,True
FDC,0,,,0.0,,False
FDO,0,,,0.0,,False
FDS,4869,1996-06-28,2015-10-30,0.7224,7.0,True
FDX,6511,1990-01-02,2015-10-30,0.966,7.0,True
FDXF,0,,,0.0,,True
FE,4523,1997-11-10,2015-10-30,0.6711,7.0,True
FERG,1467,2010-01-05,2015-10-30,0.2177,5.0,True
FFIV,4130,1999-06-04,2015-10-30,0.6128,7.0,True
FG,0,,,0.0,,False
FHN,6511,1990-01-02,2015-10-30,0.966,7.0,False
FICO,6511,1990-01-02,2015-10-30,0.966,7.0,True
FII,0,,,0.0,,False
FIS,3614,2001-06-20,2015-10-30,0.5362,7.0,True
FISV,6511,1990-01-02,2015-10-30,0.966,7.0,True
FITB,6511,1990-01-02,2015-10-30,0.966,7.0,True
FIX,4617,1997-06-27,2015-10-30,0.685,7.0,True
FJ,0,,,0.0,,False
FL,0,,,0.0,,False
FLEX,5445,1994-03-18,2015-10-30,0.8079,7.0,True
FLIR,0,,,0.0,,False
FLMIQ,0,,,0.0,,False
FLR,3751,2000-12-01,2015-10-30,0.5565,7.0,False
FLS,6511,1990-01-02,2015-10-30,0.966,7.0,False
FLTWQ,0,,,0.0,,False
FMC,6511,1990-01-02,2015-10-30,0.966,7.0,False
FMCC,6511,1990-01-02,2015-10-30,0.966,7.0,False
FMY,2627,2005-05-26,2015-10-30,0.3898,5.0,False
FNMA,6511,1990-01-02,2015-10-30,0.966,7.0,False
FOSL,5684,1993-04-08,2015-10-30,0.8433,7.0,False
FOX,0,,,0.0,,True
FOXA,0,,,0.0,,True
FPC,0,,,0.0,,False
FRO,3582,2001-08-06,2015-10-30,0.5315,7.0,False
FRT,6511,1990-01-02,2015-10-30,0.966,7.0,True
FRX,0,,,0.0,,False
FSH,0,,,0.0,,False
FSL,0,,,0.0,,False
FSLR,2253,2006-11-17,2015-10-30,0.3343,5.0,True
FTI,3617,2001-06-15,2015-10-30,0.5366,7.0,False
FTL.A,0,,,0.0,,False
FTNT,1498,2009-11-18,2015-10-30,0.2223,5.0,True
FTR,0,,,0.0,,False
FTV,0,,,0.0,,True
FWLT,0,,,0.0,,False
G,2078,2007-08-02,2015-10-30,0.3083,5.0,False
GAPTQ,0,,,0.0,,False
GAS,0,,,0.0,,False
GD,6511,1990-01-02,2015-10-30,0.966,7.0,True
GDDY,150,2015-03-31,2015-10-30,0.0223,4.0,True
GDT,0,,,0.0,,False
GDW,0,,,0.0,,False
GE,6511,1990-01-02,2015-10-30,0.966,7.0,True
GEHC,0,,,0.0,,True
GEN,6511,1990-01-02,2015-10-30,0.966,7.0,True
GENZ,1958,2008-01-24,2015-10-30,0.2905,5.0,False
GEV,0,,,0.0,,True
GFS.A,0,,,0.0,,False
GGP,0,,,0.0,,False
GHC,6511,1990-01-02,2015-10-30,0.966,7.0,False
GIDL,0,,,0.0,,False
GILD,5991,1992-01-22,2015-10-30,0.8889,7.0,True
GIS,6511,1990-01-02,2015-10-30,0.966,7.0,True
GL,6511,1990-01-02,2015-10-30,0.966,7.0,True
GLD,2757,2004-11-18,2015-10-30,0.4091,5.0,False
GLK,0,,,0.0,,False
GLW,6511,1990-01-02,2015-10-30,0.966,7.0,True
GM,1246,2010-11-18,2015-10-30,0.1849,5.0,True
GMCR,0,,,0.0,,False
GME,3454,2002-02-13,2015-10-30,0.5125,5.0,False
GNRC,1441,2010-02-11,2015-10-30,0.2138,5.0,True
GNT,1199,2011-01-27,2015-10-30,0.1779,5.0,False
GNW,2880,2004-05-25,2015-10-30,0.4273,5.0,False
GOOG,2821,2004-08-19,2015-10-30,0.4185,5.0,True
GOOGL,2821,2004-08-19,2015-10-30,0.4185,5.0,True
GP,0,,,0.0,,False
GPC,6511,1990-01-02,2015-10-30,0.966,7.0,True
GPN,3722,2001-01-16,2015-10-30,0.5522,7.0,True
GPS,0,,,0.0,,False
GPU,0,,,0.0,,False
GR,0,,,0.0,,False
GRA,0,,,0.0,,False
GRMN,3746,2000-12-08,2015-10-30,0.5558,7.0,True
GRN,0,,,0.0,,False
GS,4152,1999-05-04,2015-10-30,0.616,7.0,True
GSX,0,,,0.0,,False
GT,6511,1990-01-02,2015-10-30,0.966,7.0,False
GTE,2482,2005-12-21,2015-10-30,0.3682,5.0,False
GTW,0,,,0.0,,False
GWF,0,,,0.0,,False
GWW,6511,1990-01-02,2015-10-30,0.966,7.0,True
GX,0,,,0.0,,False
H,1507,2009-11-05,2015-10-30,0.2236,5.0,False
HAL,6511,1990-01-02,2015-10-30,0.966,7.0,True
HAR,0,,,0.0,,False
HAS,6511,1990-01-02,2015-10-30,0.966,7.0,True
HBAN,6511,1990-01-02,2015-10-30,0.966,7.0,True
HBI,0,,,0.0,,False
HBOC,0,,,0.0,,False
HCA,1170,2011-03-10,2015-10-30,0.1736,5.0,True
HCBK,0,,,0.0,,False
HCP,0,,,0.0,,False
HCR,0,,,0.0,,False
HD,6511,1990-01-02,2015-10-30,0.966,7.0,True
HDLM,0,,,0.0,,False
HES,0,,,0.0,,False
HET,0,,,0.0,,False
HFS,0,,,0.0,,False
HI,0,,,0.0,,False
HIG,5004,1995-12-15,2015-10-30,0.7424,7.0,True
HII,1162,2011-03-22,2015-10-30,0.1724,5.0,True
HLT,475,2013-12-12,2015-10-30,0.0705,4.0,True
HM,0,,,0.0,,False
HMA,0,,,0.0,,False
HNZ,0,,,0.0,,False
HOG,6511,1990-01-02,2015-10-30,0.966,7.0,False
HON,6511,1990-01-02,2015-10-30,0.966,7.0,True
HONA,0,,,0.0,,True
HOOD,0,,,0.0,,True
HOT,0,,,0.0,,False
HP,6511,1990-01-02,2015-10-30,0.966,7.0,False
HPC,0,,,0.0,,False
HPE,10,2015-10-19,2015-10-30,0.0015,3.0,True
HPH,0,,,0.0,,False
HPQ,6511,1990-01-02,2015-10-30,0.966,7.0,True
HRB,6511,1990-01-02,2015-10-30,0.966,7.0,False
HRL,6511,1990-01-02,2015-10-30,0.966,7.0,True
HRS,0,,,0.0,,False
HSH,0,,,0.0,,False
HSIC,5033,1995-11-03,2015-10-30,0.7467,7.0,True
HSP,0,,,0.0,,False
HST,6511,1990-01-02,2015-10-30,0.966,7.0,True
HSY,6511,1990-01-02,2015-10-30,0.966,7.0,True
HUBB,6511,1990-01-02,2015-10-30,0.966,7.0,True
HUM,6511,1990-01-02,2015-10-30,0.966,7.0,True
HWM,0,,,0.0,,True
I,0,,,0.0,,False
IAC,0,,,0.0,,False
IBKR,2140,2007-05-04,2015-10-30,0.3175,5.0,True
IBM,6511,1990-01-02,2015-10-30,0.966,7.0,True
ICE,2506,2005-11-16,2015-10-30,0.3718,5.0,True
IDXX,6139,1991-06-21,2015-10-30,0.9108,7.0,True
IEX,6511,1990-01-02,2015-10-30,0.966,7.0,True
IFF,6511,1990-01-02,2015-10-30,0.966,7.0,True
IGT,0,,,0.0,,False
IKN,0,,,0.0,,False
ILMN,3839,2000-07-28,2015-10-30,0.5696,7.0,True
IMNX,0,,,0.0,,False
INCLF,0,,,0.0,,False
INCY,5538,1993-11-04,2015-10-30,0.8217,7.0,True
INGR,4501,1997-12-11,2015-10-30,0.6678,7.0,False
INTC,6511,1990-01-02,2015-10-30,0.966,7.0,True
INTU,5703,1993-03-12,2015-10-30,0.8461,7.0,True
INVH,0,,,0.0,,True
IP,6511,1990-01-02,2015-10-30,0.966,7.0,True
IPG,0,,,0.0,,False
IQV,626,2013-05-09,2015-10-30,0.0929,4.0,True
IR,0,,,0.0,,True
IRM,4972,1996-02-01,2015-10-30,0.7377,7.0,True
ISRG,3868,2000-06-16,2015-10-30,0.5739,7.0,True
IT,5560,1993-10-05,2015-10-30,0.8249,7.0,True
ITT,5004,1995-12-15,2015-10-30,0.7424,7.0,False
ITW,6511,1990-01-02,2015-10-30,0.966,7.0,True
IVZ,5082,1995-08-25,2015-10-30,0.754,7.0,True
J,6511,1990-01-02,2015-10-30,0.966,7.0,True
JAVA,0,,,0.0,,False
JBHT,6511,1990-01-02,2015-10-30,0.966,7.0,True
JBL,5668,1993-05-03,2015-10-30,0.8409,7.0,True
JCI,6511,1990-01-02,2015-10-30,0.966,7.0,True
JCP,0,,,0.0,,False
JEC,0,,,0.0,,False
JEF,6511,1990-01-02,2015-10-30,0.966,7.0,False
JH,0,,,0.0,,False
JHF,0,,,0.0,,False
JKHY,6511,1990-01-02,2015-10-30,0.966,7.0,True
JNJ,6511,1990-01-02,2015-10-30,0.966,7.0,True
JNPR,0,,,0.0,,False
JNS,0,,,0.0,,False
JNY,0,,,0.0,,False
JOS,0,,,0.0,,False
JOY,0,,,0.0,,False
JP,0,,,0.0,,False
JPM,6511,1990-01-02,2015-10-30,0.966,7.0,True
JWN,0,,,0.0,,False
K,0,,,0.0,,False
KATE,0,,,0.0,,False
KBH,6511,1990-01-02,2015-10-30,0.966,7.0,False
KDP,1886,2008-05-07,2015-10-30,0.2798,5.0,True
KEY,6511,1990-01-02,2015-10-30,0.966,7.0,True
KEYS,261,2014-10-20,2015-10-30,0.0387,4.0,True
KG,1887,2008-05-06,2015-10-30,0.28,5.0,False
KHC,84,2015-07-06,2015-10-30,0.0125,4.0,True
KIM,6031,1991-11-22,2015-10-30,0.8948,7.0,True
KKR,1335,2010-07-15,2015-10-30,0.1981,5.0,True
KLAC,6511,1990-01-02,2015-10-30,0.966,7.0,True
KM,0,,,0.0,,False
KMB,6511,1990-01-02,2015-10-30,0.966,7.0,True
KMG,0,,,0.0,,False
KMI,1188,2011-02-11,2015-10-30,0.1763,5.0,True
KMX,4717,1997-02-04,2015-10-30,0.6999,7.0,False
KO,6511,1990-01-02,2015-10-30,0.966,7.0,True
KORS,0,,,0.0,,False
KR,6511,1990-01-02,2015-10-30,0.966,7.0,True
KRB,0,,,0.0,,False
KRFT,0,,,0.0,,False
KRI,0,,,0.0,,False
KSE,0,,,0.0,,False
KSS,5909,1992-05-19,2015-10-30,0.8767,7.0,False
KSU,0,,,0.0,,False
KVUE,0,,,0.0,,True
KWP,0,,,0.0,,False
L,6511,1990-01-02,2015-10-30,0.966,7.0,True
LB,0,,,0.0,,False
LDG,0,,,0.0,,False
LDOS,2276,2006-10-17,2015-10-30,0.3377,5.0,True
LDW.B,0,,,0.0,,False
LEG,0,,,0.0,,False
LEHMQ,0,,,0.0,,False
LEN,6511,1990-01-02,2015-10-30,0.966,7.0,True
LH,6450,1990-03-29,2015-10-30,0.957,7.0,True
LHX,6511,1990-01-02,2015-10-30,0.966,7.0,True
LIFE,0,,,0.0,,False
LII,4092,1999-07-29,2015-10-30,0.6071,7.0,True
LIN,5889,1992-06-17,2015-10-30,0.8737,7.0,True
LITE,71,2015-07-23,2015-10-30,0.0105,4.0,True
LLL,0,,,0.0,,False
LLTC,0,,,0.0,,False
LLX,0,,,0.0,,False
LLY,6511,1990-01-02,2015-10-30,0.966,7.0,True
LM,0,,,0.0,,False
LMT,6511,1990-01-02,2015-10-30,0.966,7.0,True
LNC,6511,1990-01-02,2015-10-30,0.966,7.0,False
LNT,6511,1990-01-02,2015-10-30,0.966,7.0,True
LO,0,,,0.0,,False
LOR,0,,,0.0,,False
LOW,6511,1990-01-02,2015-10-30,0.966,7.0,True
LPX,6511,1990-01-02,2015-10-30,0.966,7.0,False
LRCX,6511,1990-01-02,2015-10-30,0.966,7.0,True
LSI,0,,,0.0,,False
LU,0,,,0.0,,False
LUB,0,,,0.0,,False
LULU,2082,2007-07-27,2015-10-30,0.3089,5.0,True
LUV,6511,1990-01-02,2015-10-30,0.966,7.0,True
LVLT,0,,,0.0,,False
LVS,2739,2004-12-15,2015-10-30,0.4064,5.0,True
LXK,0,,,0.0,,False
LYB,1389,2010-04-28,2015-10-30,0.2061,5.0,True
LYV,2482,2005-12-21,2015-10-30,0.3682,5.0,True
M,5981,1992-02-05,2015-10-30,0.8874,7.0,False
MA,2376,2006-05-25,2015-10-30,0.3525,5.0,True
MAA,5479,1994-01-28,2015-10-30,0.8129,7.0,True
MAC,5451,1994-03-10,2015-10-30,0.8088,7.0,False
MAR,4433,1998-03-23,2015-10-30,0.6577,7.0,True
MAS,6511,1990-01-02,2015-10-30,0.966,7.0,True
MAT,6511,1990-01-02,2015-10-30,0.966,7.0,False
MAY,0,,,0.0,,False
MBI,6511,1990-01-02,2015-10-30,0.966,7.0,False
MCD,6511,1990-01-02,2015-10-30,0.966,7.0,True
MCHP,5698,1993-03-19,2015-10-30,0.8454,7.0,True
MCIC,4561,1997-09-17,2015-10-30,0.6767,7.0,False
MCK,5281,1994-11-10,2015-10-30,0.7835,7.0,True
MCO,5289,1994-10-31,2015-10-30,0.7847,7.0,True
MD,5065,1995-09-20,2015-10-30,0.7515,7.0,False
MDLZ,3619,2001-06-13,2015-10-30,0.5369,7.0,True
MDP,0,,,0.0,,False
MDR,0,,,0.0,,False
MDT,6511,1990-01-02,2015-10-30,0.966,7.0,True
MEA,0,,,0.0,,False
MEDI,0,,,0.0,,False
MEE,0,,,0.0,,False
MEL,0,,,0.0,,False
MER,0,,,0.0,,False
MERQ,0,,,0.0,,False
MET,3918,2000-04-05,2015-10-30,0.5813,7.0,True
META,869,2012-05-18,2015-10-30,0.1289,5.0,True
MFE,0,,,0.0,,False
MGM,6511,1990-01-02,2015-10-30,0.966,7.0,True
MHK,5942,1992-04-01,2015-10-30,0.8816,7.0,False
MHS,0,,,0.0,,False
MI,0,,,0.0,,False
MII,0,,,0.0,,False
MIL,0,,,0.0,,False
MIR,0,,,0.0,,False
MJN,0,,,0.0,,False
MKC,6511,1990-01-02,2015-10-30,0.966,7.0,True
MKG,0,,,0.0,,False
MLM,5465,1994-02-17,2015-10-30,0.8108,7.0,True
MMC,0,,,0.0,,False
MMI,504,2013-10-31,2015-10-30,0.0748,4.0,False
MMM,6511,1990-01-02,2015-10-30,0.966,7.0,True
MNK,0,,,0.0,,False
MNR,0,,,0.0,,False
MNST,6511,1990-01-02,2015-10-30,0.966,7.0,True
MO,6511,1990-01-02,2015-10-30,0.966,7.0,True
MOB,0,,,0.0,,False
MOLX,0,,,0.0,,False
MON,0,,,0.0,,False
MOS,6511,1990-01-02,2015-10-30,0.966,7.0,True
MPC,1096,2011-06-24,2015-10-30,0.1626,5.0,True
MPWR,2756,2004-11-19,2015-10-30,0.4089,5.0,True
MRK,6511,1990-01-02,2015-10-30,0.966,7.0,True
MRNA,0,,,0.0,,True
MRO,0,,,0.0,,False
MRSH,6511,1990-01-02,2015-10-30,0.966,7.0,True
MRVL,3858,2000-06-30,2015-10-30,0.5724,7.0,True
MS,5716,1993-02-23,2015-10-30,0.8481,7.0,True
MSCI,2004,2007-11-15,2015-10-30,0.2973,5.0,True
MSFT,6511,1990-01-02,2015-10-30,0.966,7.0,True
MSI,6511,1990-01-02,2015-10-30,0.966,7.0,True
MST,0,,,0.0,,False
MTB,6511,1990-01-02,2015-10-30,0.966,7.0,True
MTD,4519,1997-11-14,2015-10-30,0.6705,7.0,True
MTG,6107,1991-08-07,2015-10-30,0.9061,7.0,False
MTL,0,,,0.0,,False
MTLQQ,0,,,0.0,,False
MTW,6453,1990-03-26,2015-10-30,0.9574,7.0,False
MU,6511,1990-01-02,2015-10-30,0.966,7.0,True
MUR,6511,1990-01-02,2015-10-30,0.966,7.0,False
MWI,0,,,0.0,,False
MWV,0,,,0.0,,False
MWW,0,,,0.0,,False
MXIM,0,,,0.0,,False
MYG,0,,,0.0,,False
MYL,0,,,0.0,,False
MZIAQ,0,,,0.0,,False
NAE,0,,,0.0,,False
NAV,0,,,0.0,,False
NAVI,389,2014-04-17,2015-10-30,0.0577,4.0,False
NBL,0,,,0.0,,False
NBR,6511,1990-01-02,2015-10-30,0.966,7.0,False
NC,6511,1990-01-02,2015-10-30,0.966,7.0,False
NCC,0,,,0.0,,False
NCE,0,,,0.0,,False
NCLH,702,2013-01-18,2015-10-30,0.1042,4.0,True
NCR,0,,,0.0,,False
NDAQ,3359,2002-07-01,2015-10-30,0.4984,5.0,True
NDSN,6511,1990-01-02,2015-10-30,0.966,7.0,True
NE,0,,,0.0,,False
NEE,6511,1990-01-02,2015-10-30,0.966,7.0,True
NEM,6511,1990-01-02,2015-10-30,0.966,7.0,True
NFB,0,,,0.0,,False
NFLX,3385,2002-05-23,2015-10-30,0.5022,5.0,True
NFX,0,,,0.0,,False
NGH,0,,,0.0,,False
NI,6511,1990-01-02,2015-10-30,0.966,7.0,True
NKE,6511,1990-01-02,2015-10-30,0.966,7.0,True
NLC,0,,,0.0,,False
NLSN,0,,,0.0,,False
NLV,0,,,0.0,,False
NMK,0,,,0.0,,False
NOC,6511,1990-01-02,2015-10-30,0.966,7.0,True
NOV,4784,1996-10-29,2015-10-30,0.7098,7.0,False
NOVL,0,,,0.0,,False
NOW,840,2012-06-29,2015-10-30,0.1246,5.0,True
NRG,3000,2003-12-02,2015-10-30,0.4451,5.0,True
NRTLQ,0,,,0.0,,False
NSC,6511,1990-01-02,2015-10-30,0.966,7.0,True
NSI,0,,,0.0,,False
NSM,0,,,0.0,,False
NTAP,5021,1995-11-21,2015-10-30,0.745,7.0,True
NTRS,6511,1990-01-02,2015-10-30,0.966,7.0,True
NUE,6511,1990-01-02,2015-10-30,0.966,7.0,True
NVDA,4222,1999-01-22,2015-10-30,0.6264,7.0,True
NVLS,0,,,0.0,,False
NVR,6511,1990-01-02,2015-10-30,0.966,7.0,True
NWL,6511,1990-01-02,2015-10-30,0.966,7.0,False
NWS,598,2013-06-19,2015-10-30,0.0887,4.0,True
NWSA,598,2013-06-19,2015-10-30,0.0887,4.0,True
NXPI,1319,2010-08-06,2015-10-30,0.1957,5.0,True
NXTL,0,,,0.0,,False
NYN,0,,,0.0,,False
NYT,6511,1990-01-02,2015-10-30,0.966,7.0,False
NYX,0,,,0.0,,False
O,5298,1994-10-18,2015-10-30,0.7861,7.0,True
OAT,0,,,0.0,,False
ODFL,6052,1991-10-24,2015-10-30,0.8979,7.0,True
ODP,0,,,0.0,,False
OI,6019,1991-12-11,2015-10-30,0.893,7.0,False
OK,0,,,0.0,,False
OKE,6511,1990-01-02,2015-10-30,0.966,7.0,True
OM,0,,,0.0,,False
OMC,6511,1990-01-02,2015-10-30,0.966,7.0,True
OMX,0,,,0.0,,False
ON,3900,2000-05-02,2015-10-30,0.5786,7.0,True
ONE,0,,,0.0,,False
ORCL,6511,1990-01-02,2015-10-30,0.966,7.0,True
ORLY,5674,1993-04-23,2015-10-30,0.8418,7.0,True
ORX,0,,,0.0,,False
OTIS,0,,,0.0,,True
OWENQ,0,,,0.0,,False
OXY,6511,1990-01-02,2015-10-30,0.966,7.0,True
P,19,2015-10-06,2015-10-30,0.0028,3.0,True
PAC,2438,2006-02-27,2015-10-30,0.3617,5.0,False
PALM,0,,,0.0,,False
PANW,826,2012-07-20,2015-10-30,0.1226,5.0,True
PAS,0,,,0.0,,False
PAYX,6511,1990-01-02,2015-10-30,0.966,7.0,True
PBCT,0,,,0.0,,False
PBG,0,,,0.0,,False
PBI,6511,1990-01-02,2015-10-30,0.966,7.0,False
PBY,0,,,0.0,,False
PCAR,6511,1990-01-02,2015-10-30,0.966,7.0,True
PCG,6511,1990-01-02,2015-10-30,0.966,7.0,True
PCH,0,,,0.0,,False
PCL,0,,,0.0,,False
PCP,0,,,0.0,,False
PCS,0,,,0.0,,False
PD,0,,,0.0,,False
PDCO,0,,,0.0,,False
PDG,0,,,0.0,,False
PEG,6511,1990-01-02,2015-10-30,0.966,7.0,True
PEL,0,,,0.0,,False
PEP,6511,1990-01-02,2015-10-30,0.966,7.0,True
PET,0,,,0.0,,False
PETM,0,,,0.0,,False
PFE,6511,1990-01-02,2015-10-30,0.966,7.0,True
PFG,3531,2001-10-23,2015-10-30,0.5239,5.0,True
PG,6511,1990-01-02,2015-10-30,0.966,7.0,True
PGL,0,,,0.0,,False
PGN,0,,,0.0,,False
PGR,6511,1990-01-02,2015-10-30,0.966,7.0,True
PH,6511,1990-01-02,2015-10-30,0.966,7.0,True
PHA,0,,,0.0,,False
PHB,0,,,0.0,,False
PHM,6511,1990-01-02,2015-10-30,0.966,7.0,True
PKG,3965,2000-01-28,2015-10-30,0.5883,7.0,True
PKI,0,,,0.0,,False
PLD,4514,1997-11-21,2015-10-30,0.6697,7.0,True
PLL,0,,,0.0,,False
PLTR,0,,,0.0,,True
PM,1922,2008-03-17,2015-10-30,0.2852,5.0,True
PMCS,0,,,0.0,,False
PMI,0,,,0.0,,False
PNC,6511,1990-01-02,2015-10-30,0.966,7.0,True
PNR,6511,1990-01-02,2015-10-30,0.966,7.0,True
PNU,0,,,0.0,,False
PNW,6511,1990-01-02,2015-10-30,0.966,7.0,True
PODD,2133,2007-05-15,2015-10-30,0.3165,5.0,True
POM,0,,,0.0,,False
PPG,6511,1990-01-02,2015-10-30,0.966,7.0,True
PPL,6511,1990-01-02,2015-10-30,0.966,7.0,True
PPW,0,,,0.0,,False
PRD,0,,,0.0,,False
PRGO,6015,1991-12-17,2015-10-30,0.8924,7.0,False
PRU,3495,2001-12-13,2015-10-30,0.5185,5.0,True
PSA,6511,1990-01-02,2015-10-30,0.966,7.0,True
PSFT,0,,,0.0,,False
PSKY,2494,2005-12-05,2015-10-30,0.37,5.0,True
PSX,895,2012-04-12,2015-10-30,0.1328,5.0,True
PTC,6511,1990-01-02,2015-10-30,0.966,7.0,True
PTV,0,,,0.0,,False
PVH,6511,1990-01-02,2015-10-30,0.966,7.0,False
PVN,0,,,0.0,,False
PVT,0,,,0.0,,False
PWER,0,,,0.0,,False
PWJ,0,,,0.0,,False
PWR,4459,1998-02-12,2015-10-30,0.6616,7.0,True
PX,0,,,0.0,,False
PXD,0,,,0.0,,False
PYPL,84,2015-07-06,2015-10-30,0.0125,4.0,True
PZE,0,,,0.0,,False
Q,0,,,0.0,,True
QCOM,6017,1991-12-13,2015-10-30,0.8927,7.0,True
QEP,0,,,0.0,,False
QLGC,0,,,0.0,,False
QRVO,210,2015-01-02,2015-10-30,0.0312,4.0,False
QTRN,0,,,0.0,,False
R,6511,1990-01-02,2015-10-30,0.966,7.0,False
RAD,0,,,0.0,,False
RAI,0,,,0.0,,False
RAL,0,,,0.0,,False
RATL,0,,,0.0,,False
RBD,0,,,0.0,,False
RBK,0,,,0.0,,False
RCL,5671,1993-04-28,2015-10-30,0.8414,7.0,True
RDC,0,,,0.0,,False
RDDT,0,,,0.0,,True
RDS.A,0,,,0.0,,False
REG,5542,1993-10-29,2015-10-30,0.8223,7.0,True
REGN,6196,1991-04-02,2015-10-30,0.9193,7.0,True
RF,6511,1990-01-02,2015-10-30,0.966,7.0,True
RHI,6511,1990-01-02,2015-10-30,0.966,7.0,False
RHT,0,,,0.0,,False
RIG,5649,1993-05-28,2015-10-30,0.8381,7.0,False
RJF,6511,1990-01-02,2015-10-30,0.966,7.0,True
RL,4628,1997-06-12,2015-10-30,0.6866,7.0,True
RLM,0,,,0.0,,False
RMD,5141,1995-06-02,2015-10-30,0.7628,7.0,True
RML,0,,,0.0,,False
RNB,0,,,0.0,,False
ROH,0,,,0.0,,False
ROK,6511,1990-01-02,2015-10-30,0.966,7.0,True
ROL,6511,1990-01-02,2015-10-30,0.966,7.0,True
ROP,5975,1992-02-13,2015-10-30,0.8865,7.0,True
ROST,6511,1990-01-02,2015-10-30,0.966,7.0,True
RRC,6511,1990-01-02,2015-10-30,0.966,7.0,False
RRD,0,,,0.0,,False
RSG,4363,1998-07-01,2015-10-30,0.6473,7.0,True
RSHCQ,0,,,0.0,,False
RTN,0,,,0.0,,False
RTX,6511,1990-01-02,2015-10-30,0.966,7.0,True
RVTY,6511,1990-01-02,2015-10-30,0.966,7.0,True
RX,0,,,0.0,,False
RYAN,0,,,0.0,,False
RYC,0,,,0.0,,False
RYI,0,,,0.0,,False
S,0,,,0.0,,False
SAF,0,,,0.0,,False
SAI,0,,,0.0,,False
SANM,5681,1993-04-14,2015-10-30,0.8429,7.0,False
SAPE,0,,,0.0,,False
SB,1870,2008-05-30,2015-10-30,0.2774,5.0,False
SBAC,4122,1999-06-16,2015-10-30,0.6116,7.0,True
SBL,0,,,0.0,,False
SBUX,5882,1992-06-26,2015-10-30,0.8727,7.0,True
SCG,0,,,0.0,,False
SCHW,6511,1990-01-02,2015-10-30,0.966,7.0,True
SCI,6511,1990-01-02,2015-10-30,0.966,7.0,False
SDS,2343,2006-07-13,2015-10-30,0.3476,5.0,False
SE,0,,,0.0,,False
SEBL,0,,,0.0,,False
SEE,0,,,0.0,,False
SEG,0,,,0.0,,False
SFA,0,,,0.0,,False
SFS,0,,,0.0,,False
SGID,0,,,0.0,,False
SGP,0,,,0.0,,False
SHLD,0,,,0.0,,False
SHN,0,,,0.0,,False
SHW,6511,1990-01-02,2015-10-30,0.966,7.0,True
SIAL,0,,,0.0,,False
SIG,6511,1990-01-02,2015-10-30,0.966,7.0,False
SII,1435,2010-02-22,2015-10-30,0.2129,5.0,False
SJM,5289,1994-10-31,2015-10-30,0.7847,7.0,True
SK,0,,,0.0,,False
SLB,6511,1990-01-02,2015-10-30,0.966,7.0,True
SLG,4583,1997-08-15,2015-10-30,0.68,7.0,False
SLM,6511,1990-01-02,2015-10-30,0.966,7.0,False
SLR,0,,,0.0,,False
SMCI,2165,2007-03-29,2015-10-30,0.3212,5.0,True
SMI,0,,,0.0,,False
SMS,0,,,0.0,,False
SNA,6511,1990-01-02,2015-10-30,0.966,7.0,True
SNDK,0,,,0.0,,True
SNI,0,,,0.0,,False
SNPS,5967,1992-02-26,2015-10-30,0.8853,7.0,True
SNT,5696,1993-03-23,2015-10-30,0.8451,7.0,False
SNV,0,,,0.0,,False
SO,6511,1990-01-02,2015-10-30,0.966,7.0,True
SOLV,0,,,0.0,,True
SOTR,0,,,0.0,,False
SOV,0,,,0.0,,False
SPG,5511,1993-12-14,2015-10-30,0.8177,7.0,True
SPGI,6511,1990-01-02,2015-10-30,0.966,7.0,True
SPLS,0,,,0.0,,False
SRCL,0,,,0.0,,False
SRE,4365,1998-06-29,2015-10-30,0.6476,7.0,True
SRR,0,,,0.0,,False
SSP,6511,1990-01-02,2015-10-30,0.966,7.0,False
STE,5901,1992-06-01,2015-10-30,0.8755,7.0,True
STI,0,,,0.0,,False
STJ,0,,,0.0,,False
STLD,4766,1996-11-22,2015-10-30,0.7071,7.0,True
STO,0,,,0.0,,False
STR,0,,,0.0,,False
STT,6511,1990-01-02,2015-10-30,0.966,7.0,True
STX,3245,2002-12-11,2015-10-30,0.4815,5.0,True
STZ,5953,1992-03-17,2015-10-30,0.8832,7.0,True
SUB,1749,2008-11-19,2015-10-30,0.2595,5.0,False
SUN,783,2012-09-20,2015-10-30,0.1162,5.0,False
SUNEQ,0,,,0.0,,False
SVU,0,,,0.0,,False
SW,1858,2008-06-17,2015-10-30,0.2757,5.0,True
SWK,6511,1990-01-02,2015-10-30,0.966,7.0,True
SWKS,6511,1990-01-02,2015-10-30,0.966,7.0,True
SWN,0,,,0.0,,False
SWY,0,,,0.0,,False
SXCL,0,,,0.0,,False
SYF,317,2014-07-31,2015-10-30,0.047,4.0,True
SYK,6511,1990-01-02,2015-10-30,0.966,7.0,True
SYMC,0,,,0.0,,False
SYY,6511,1990-01-02,2015-10-30,0.966,7.0,True
T,6511,1990-01-02,2015-10-30,0.966,7.0,True
TA,0,,,0.0,,False
TAP,6511,1990-01-02,2015-10-30,0.966,7.0,False
TCOMA,0,,,0.0,,False
TDC,2037,2007-10-01,2015-10-30,0.3022,5.0,False
TDG,2426,2006-03-15,2015-10-30,0.3599,5.0,True
TDM,0,,,0.0,,False
TDY,4010,1999-11-23,2015-10-30,0.595,7.0,True
TE,0,,,0.0,,False
TECH,6511,1990-01-02,2015-10-30,0.966,7.0,True
TEG,0,,,0.0,,False
TEK,0,,,0.0,,False
TEL,2112,2007-06-14,2015-10-30,0.3134,5.0,True
TEN,3441,2002-03-05,2015-10-30,0.5105,5.0,False
TER,6511,1990-01-02,2015-10-30,0.966,7.0,True
TEX,6511,1990-01-02,2015-10-30,0.966,7.0,False
TFC,6511,1990-01-02,2015-10-30,0.966,7.0,True
TGNA,0,,,0.0,,False
TGT,6511,1990-01-02,2015-10-30,0.966,7.0,True
THC,6511,1990-01-02,2015-10-30,0.966,7.0,False
THY,0,,,0.0,,False
TIE,0,,,0.0,,False
TIF,0,,,0.0,,False
TIN,0,,,0.0,,False
TJX,6511,1990-01-02,2015-10-30,0.966,7.0,True
TKO,4035,1999-10-19,2015-10-30,0.5987,7.0,True
TKR,6511,1990-01-02,2015-10-30,0.966,7.0,False
TLAB,0,,,0.0,,False
TMC,0,,,0.0,,False
TMC.A,0,,,0.0,,False
TMK,0,,,0.0,,False
TMO,6511,1990-01-02,2015-10-30,0.966,7.0,True
TMUS,2151,2007-04-19,2015-10-30,0.3191,5.0,True
TNB,0,,,0.0,,False
TOS,0,,,0.0,,False
TOY,0,,,0.0,,False
TPL,6511,1990-01-02,2015-10-30,0.966,7.0,True
TPR,3790,2000-10-06,2015-10-30,0.5623,7.0,True
TRB,0,,,0.0,,False
TRGP,1234,2010-12-07,2015-10-30,0.1831,5.0,True
TRIP,981,2011-12-07,2015-10-30,0.1455,5.0,False
TRMB,6372,1990-07-20,2015-10-30,0.9454,7.0,True
TROW,6511,1990-01-02,2015-10-30,0.966,7.0,True
TRV,6511,1990-01-02,2015-10-30,0.966,7.0,True
TRW,0,,,0.0,,False
TSCO,5465,1994-02-17,2015-10-30,0.8108,7.0,True
TSG,0,,,0.0,,False
TSLA,1346,2010-06-29,2015-10-30,0.1997,5.0,True
TSN,6511,1990-01-02,2015-10-30,0.966,7.0,True
TSS,0,,,0.0,,False
TT,6511,1990-01-02,2015-10-30,0.966,7.0,True
TTWO,4669,1997-04-15,2015-10-30,0.6927,7.0,True
TUP,0,,,0.0,,False
TWC,0,,,0.0,,False
TWX,0,,,0.0,,False
TX,2455,2006-02-01,2015-10-30,0.3642,5.0,False
TXN,6511,1990-01-02,2015-10-30,0.966,7.0,True
TXT,6511,1990-01-02,2015-10-30,0.966,7.0,True
TXU,0,,,0.0,,False
TYL,6511,1990-01-02,2015-10-30,0.966,7.0,True
UAA,2504,2005-11-18,2015-10-30,0.3715,5.0,False
UAL,2452,2006-02-06,2015-10-30,0.3638,5.0,True
UAWGQ,0,,,0.0,,False
UBER,0,,,0.0,,True
UCC,2203,2007-02-02,2015-10-30,0.3269,5.0,False
UCL,0,,,0.0,,False
UCM,0,,,0.0,,False
UDR,6511,1990-01-02,2015-10-30,0.966,7.0,True
UHS,6511,1990-01-02,2015-10-30,0.966,7.0,True
UIS,6511,1990-01-02,2015-10-30,0.966,7.0,False
UK,0,,,0.0,,False
ULTA,2019,2007-10-25,2015-10-30,0.2996,5.0,True
UMG,0,,,0.0,,False
UN,0,,,0.0,,False
UNH,6511,1990-01-02,2015-10-30,0.966,7.0,True
UNM,6511,1990-01-02,2015-10-30,0.966,7.0,False
UNP,6511,1990-01-02,2015-10-30,0.966,7.0,True
UPC,0,,,0.0,,False
UPR,0,,,0.0,,False
UPS,4019,1999-11-10,2015-10-30,0.5963,7.0,True
URBN,5535,1993-11-09,2015-10-30,0.8212,7.0,False
URI,4496,1997-12-18,2015-10-30,0.6671,7.0,True
USB,6511,1990-01-02,2015-10-30,0.966,7.0,True
USBC,2403,2006-04-18,2015-10-30,0.3565,5.0,False
USH,0,,,0.0,,False
USHC,0,,,0.0,,False
USS,0,,,0.0,,False
UST,1448,2010-02-02,2015-10-30,0.2148,5.0,False
USW,0,,,0.0,,False
UTX,0,,,0.0,,False
UVN,0,,,0.0,,False
V,1920,2008-03-19,2015-10-30,0.2849,5.0,True
VAR,0,,,0.0,,False
VAT,0,,,0.0,,False
VEEV,515,2013-10-16,2015-10-30,0.0764,4.0,True
VFC,6511,1990-01-02,2015-10-30,0.966,7.0,False
VIAB,0,,,0.0,,False
VIAV,5529,1993-11-17,2015-10-30,0.8203,7.0,False
VICI,0,,,0.0,,True
VLO,6511,1990-01-02,2015-10-30,0.966,7.0,True
VLTO,0,,,0.0,,True
VMC,6511,1990-01-02,2015-10-30,0.966,7.0,True
VMRK,5597,1993-08-12,2015-10-30,0.8304,7.0,True
VNO,6511,1990-01-02,2015-10-30,0.966,7.0,False
VO,2960,2004-01-30,2015-10-30,0.4392,5.0,False
VRSK,1528,2009-10-07,2015-10-30,0.2267,5.0,True
VRSN,4468,1998-01-30,2015-10-30,0.6629,7.0,True
VRT,0,,,0.0,,True
VRTS,1720,2009-01-02,2015-10-30,0.2552,5.0,False
VRTX,6117,1991-07-24,2015-10-30,0.9076,7.0,True
VST,0,,,0.0,,True
VSTNQ,0,,,0.0,,False
VTR,4655,1997-05-05,2015-10-30,0.6907,7.0,True
VTRS,6511,1990-01-02,2015-10-30,0.966,7.0,True
VTSS,0,,,0.0,,False
VZ,6511,1990-01-02,2015-10-30,0.966,7.0,True
WAB,5131,1995-06-16,2015-10-30,0.7613,7.0,True
WAI,0,,,0.0,,False
WAMUQ,0,,,0.0,,False
WAT,5023,1995-11-17,2015-10-30,0.7453,7.0,True
WB,389,2014-04-17,2015-10-30,0.0577,4.0,False
WBA,0,,,0.0,,False
WBD,2598,2005-07-08,2015-10-30,0.3855,5.0,True
WCOEQ,0,,,0.0,,False
WDAY,767,2012-10-12,2015-10-30,0.1138,5.0,True
WDC,6511,1990-01-02,2015-10-30,0.966,7.0,True
WEC,6511,1990-01-02,2015-10-30,0.966,7.0,True
WELL,6511,1990-01-02,2015-10-30,0.966,7.0,True
WEN,6511,1990-01-02,2015-10-30,0.966,7.0,False
WFC,6511,1990-01-02,2015-10-30,0.966,7.0,True
WFM,0,,,0.0,,False
WFT,0,,,0.0,,False
WHR,6511,1990-01-02,2015-10-30,0.966,7.0,False
WIN,0,,,0.0,,False
WLA,0,,,0.0,,False
WLL,0,,,0.0,,False
WLP,0,,,0.0,,False
WM,6511,1990-01-02,2015-10-30,0.966,7.0,True
WMB,6511,1990-01-02,2015-10-30,0.966,7.0,True
WMT,6511,1990-01-02,2015-10-30,0.966,7.0,True
WMX,0,,,0.0,,False
WNDXQ,0,,,0.0,,False
WOR,6511,1990-01-02,2015-10-30,0.966,7.0,False
WPX,0,,,0.0,,False
WRB,6511,1990-01-02,2015-10-30,0.966,7.0,True
WRK,0,,,0.0,,False
WSM,6511,1990-01-02,2015-10-30,0.966,7.0,True
WST,6511,1990-01-02,2015-10-30,0.966,7.0,True
WTW,3620,2001-06-12,2015-10-30,0.5371,7.0,True
WU,2287,2006-10-02,2015-10-30,0.3393,5.0,False
WWY,0,,,0.0,,False
WY,6511,1990-01-02,2015-10-30,0.966,7.0,True
WYE,0,,,0.0,,False
WYND,0,,,0.0,,False
WYNN,3277,2002-10-25,2015-10-30,0.4862,5.0,True
X,0,,,0.0,,False
XEC,0,,,0.0,,False
XEL,6511,1990-01-02,2015-10-30,0.966,7.0,True
XL,0,,,0.0,,False
XLNX,0,,,0.0,,False
XOM,6511,1990-01-02,2015-10-30,0.966,7.0,True
XRAY,6511,1990-01-02,2015-10-30,0.966,7.0,False
XRX,6511,1990-01-02,2015-10-30,0.966,7.0,False
XTO,0,,,0.0,,False
XYL,1019,2011-10-13,2015-10-30,0.1512,5.0,True
XYZ,0,,,0.0,,True
YNR,0,,,0.0,,False
YRCW,0,,,0.0,,False
YUM,4561,1997-09-17,2015-10-30,0.6767,7.0,True
ZBH,3590,2001-07-25,2015-10-30,0.5326,7.0,True
ZBRA,6101,1991-08-15,2015-10-30,0.9052,7.0,True
ZION,6511,1990-01-02,2015-10-30,0.966,7.0,False
ZTS,693,2013-02-01,2015-10-30,0.1028,4.0,True
