sector,all 2k picks,flop-k (short),top-k (long)
Information Technology,14.929390378801996,15.032108627036463,13.763502691908787
Financials,-7.603988936785069,-7.009472944932289,-8.396077499797713
Industrials,-5.527836972609572,-5.774292633728042,-5.2701725509123065
Utilities,-5.467868011366365,-5.357321503686999,-5.599667949511706
Consumer Discretionary,4.577477333058733,4.850626613520571,4.783249111795244
Health Care,4.664661684039329,4.467186229086421,4.509532674911128
Consumer Staples,-2.976309422985298,-2.8945662720275824,-2.966257093283621
Real Estate,-2.454279587072669,-2.83365842214406,-2.1002215691419894
Communication Services,1.4393652767556262,1.4560398703901067,1.3325685108317906
Energy,-0.9593097652986963,-1.128276056257853,-0.5532795069134776
Materials,-0.6213019765380132,-0.8953300289958679,0.28812752793994995
