period,n_days,mean_return_bp,cumulative_return,sharpe_arith,topflop_accuracy
1992Q4,10,197.19379736518107,0.21324458708536675,14.616932368039764,0.56
1993Q1,62,87.30916811148651,0.6910107651045196,6.492851316962025,0.5443548387096774
1993Q2,63,97.75315361645018,0.8287923393952235,8.931791642317863,0.5666666666666667
1993Q3,64,533.6374402570888,6.808416372014197,2.5790178191342874,0.56640625
1993Q4,64,57.48926030390521,0.4218018855627186,4.1652411250622094,0.55234375
1994Q1,63,91.19084037270191,0.7453899626395133,6.549072258984532,0.5619047619047619
1994Q2,62,102.9603311445985,0.8654341339423428,8.25451507615929,0.5669354838709677
1994Q3,64,98.94190261810539,0.8629259780939671,9.75511560768966,0.55703125
1994Q4,63,101.31234437912809,0.8728769166780479,10.178718734712398,0.5642857142857143
1995Q1,63,91.66437285988857,0.7639821547098478,9.435249127682939,0.5555555555555556
1995Q2,63,101.43946964606096,0.8720483194462065,9.465906457306115,0.5658730158730159
1995Q3,63,114.09534223053151,1.0245668490350055,10.287404520517486,0.5817460317460318
1995Q4,63,71.6657201629014,0.5445034967049671,5.098088023352453,0.5444444444444444
1996Q1,63,118.6120856150133,1.068784662368147,8.191623372565298,0.5753968253968254
1996Q2,63,89.23110242304412,0.726403153054662,6.677090305490865,0.5531746031746032
1996Q3,64,106.58459669776698,0.9250737932260675,6.150504818172364,0.55390625
1996Q4,64,90.44545983982343,0.7539243967713307,6.652174453420101,0.54765625
1997Q1,61,83.75786119206481,0.6468198516908168,7.229287659667348,0.5549180327868852
1997Q2,64,105.67268200250155,0.9363496656314176,8.509217474042307,0.55859375
1997Q3,64,69.48310090626053,0.5483448548411352,7.961513573225393,0.553125
1997Q4,64,123.85312388036928,1.1519200110413195,7.330452039418638,0.553125
1998Q1,61,74.95638645921959,0.5618613869067111,6.572045002521972,0.5549180327868852
1998Q2,63,18.15969640029222,0.10973037932015806,1.5903592057659228,0.5277777777777778
1998Q3,64,24.549146320303052,0.1353130842284549,1.2498858691020573,0.52265625
1998Q4,64,61.13424082039215,0.4313091901632231,3.026887341520975,0.52421875
1999Q1,61,72.77002604584797,0.5237030613486902,4.332786792291572,0.530327868852459
1999Q2,63,162.64391689236675,1.6937932544999246,8.809224148749857,0.5785714285714286
1999Q3,64,38.767023308649144,0.26185897270806713,2.792343666889495,0.54609375
1999Q4,64,43.68590970589207,0.2743371684466962,2.0526383087428908,0.53828125
2000Q1,63,94.88382201703767,0.7270937073624775,3.7855864705243665,0.5595238095238095
2000Q2,63,174.4824059499422,1.848493383868194,7.310237250016477,0.5706349206349206
2000Q3,63,96.67613671149435,0.7941702952538887,5.749462511443188,0.5547619047619048
2000Q4,63,108.78846542102926,0.8701387100076818,4.0082862371268275,0.5531746031746032
2001Q1,62,112.6897192933655,0.8833250480666617,3.9208672743197917,0.5653225806451613
2001Q2,63,35.65696232253044,0.18971580946262945,1.3874261077723058,0.5333333333333333
2001Q3,59,80.93890237475601,0.5564344655242026,3.707517488542261,0.5220338983050847
2001Q4,64,127.5869275272178,1.1007182583484445,4.244358391484169,0.53828125
2002Q1,60,-7.461226335980972,-0.0799719317073665,-0.3286725488251506,0.5058333333333334
2002Q2,64,73.62779652236134,0.5332525495398468,3.1447422934922296,0.53828125
2002Q3,64,66.57203221621968,0.46154964137162424,2.785939031107441,0.54375
2002Q4,64,58.12026535263742,0.36374124750316117,2.086395390766024,0.53515625
2003Q1,61,-22.295094786685127,-0.158067121809792,-1.0422103490461876,0.5237704918032787
2003Q2,63,-20.75107010448826,-0.1362901278382933,-1.4692644689344987,0.5357142857142857
2003Q3,64,-10.488705504707614,-0.09043553883184963,-0.5718726625696435,0.5296875
2003Q4,64,35.462641899962875,0.24050635628627992,2.985420439878386,0.51796875
2004Q1,62,45.256337272643066,0.2982520058097491,2.8905391594417353,0.5233870967741936
2004Q2,62,89.6591101445786,0.6924427461097895,4.653975856133455,0.5282258064516129
2004Q3,64,25.20056321860078,0.15280724337573037,1.6235346942540303,0.5203125
2004Q4,64,47.099774297539916,0.33492364051212964,3.8357565419642077,0.540625
2005Q1,61,20.43209871882535,0.12319702576454894,1.9459164187720228,0.5352459016393443
2005Q2,64,18.361363495919854,0.11543042325135744,1.8063794355883598,0.534375
2005Q3,64,12.929369404905474,0.07870909180116792,1.3821694076947166,0.52109375
2005Q4,63,28.082021379270664,0.1828109516409444,2.646323330935924,0.546031746031746
2006Q1,62,45.02635974865048,0.30260850880387946,3.2556080343596636,0.5201612903225806
2006Q2,63,102.29600170879306,0.850241344478059,5.4630621271992155,0.5190476190476191
2006Q3,63,-20.559971607464863,-0.1341044495476459,-1.556458033135401,0.49126984126984125
2006Q4,63,-5.421469058719528,-0.0392423952762212,-0.6263245917696187,0.5095238095238095
2007Q1,61,12.027320406235436,0.06729897423072573,1.1539395033933963,0.5237704918032787
2007Q2,63,21.146517806838894,0.13523746568387174,2.364983468705147,0.526984126984127
2007Q3,63,59.585215046261624,0.417872594978695,3.2779875098094067,0.5317460317460317
2007Q4,64,82.71158710439971,0.6312926664026224,3.7327294392944683,0.52734375
2008Q1,61,66.79770330403117,0.4279314959774754,2.5898567871544613,0.5139344262295082
2008Q2,64,166.25795035435513,1.7934626321274885,8.720668403801497,0.56796875
2008Q3,64,129.07678606002125,0.7989566023205446,2.2486315952575078,0.521875
2008Q4,64,356.9996468491822,6.63451362524285,6.4112998601280085,0.53203125
2009Q1,61,63.84195874783279,0.18030606633162982,1.1659173015515847,0.5254098360655738
2009Q2,63,282.9132583750647,3.595497878266775,4.609469180387848,0.5246031746031746
2009Q3,64,138.59080740059397,1.2012041688509876,3.854147990387209,0.5171875
2009Q4,64,61.99621390785499,0.4053230265657122,2.345310682222935,0.503125
2010Q1,61,10.231685256897128,0.042531738485465986,0.6200950012979587,0.5180327868852459
2010Q2,63,162.1173836386018,1.511445812286988,4.508620729755949,0.5261904761904762
2010Q3,64,142.44048557975816,1.304239479639373,4.591234174496799,0.52109375
2010Q4,64,9.209646723068815,-0.03671095783664291,0.28644975692304436,0.515625
2011Q1,62,69.86822420828594,0.4731805635124364,2.874019691637863,0.4967741935483871
2011Q2,63,274.5214713291083,3.7966426027633418,5.941798891339448,0.5174603174603175
2011Q3,64,57.63401972117513,0.37187013757409737,2.2507750813056377,0.51796875
2011Q4,63,182.7506089440084,1.9933614484386308,7.49064679774639,0.5468253968253968
2012Q1,62,63.52732892252503,0.4073780122638,2.4496549387612485,0.5145161290322581
2012Q2,63,100.71531197837113,0.8447328556262885,6.35877600261101,0.5126984126984127
2012Q3,63,157.40595532950718,1.330385314464055,3.8237023973816484,0.5158730158730159
2012Q4,62,175.6828314787532,1.7854965045037505,6.268842274502319,0.5048387096774194
2013Q1,60,12.034228609665918,0.019702490851490895,0.45179168641360673,0.51
2013Q2,64,57.78414590664647,0.3969228595845071,2.751550707469755,0.490625
2013Q3,64,168.6277974115507,1.8432093943321228,9.250830155801596,0.5328125
2013Q4,64,183.1268100831017,2.093845018043468,8.898295364710538,0.52734375
2014Q1,61,180.85559820996698,1.6043843698312932,4.053857278615163,0.5237704918032787
2014Q2,63,184.11731704177402,1.8012304768273726,4.169300802584546,0.546031746031746
2014Q3,64,35.17071106261502,0.2269111331479634,2.198609798264301,0.49921875
2014Q4,64,136.2933552086025,1.310903239937081,7.04788570796971,0.54140625
2015Q1,61,155.37118632229604,1.4590681165050166,6.486472844128082,0.5172131147540984
2015Q2,63,81.10664802355174,0.6315104917897327,5.033109312328825,0.5412698412698412
2015Q3,64,40.34216559486677,0.26526743219252946,2.3944686322053603,0.51171875
2015Q4,11,32.187558205982924,0.028791785858357732,1.3497704933389925,0.4818181818181818
