study_period,train_start,trade_start,n_train,n_val,n_test,selected_C,train_acc,test_acc,seconds
1,1990-01-02,1992-12-17,106268,45542,79753,0.000145082877849594,0.5367467158504912,0.5401803066969267,15.9
2,1990-12-27,1993-12-14,180319,48334,83490,0.000774263682681127,0.5384124801047033,0.5344352617079889,15.1
3,1991-12-23,1994-12-09,187660,50815,88384,0.0019630406500402726,0.5382393690717254,0.5380159304851557,15.1
4,1992-12-17,1995-12-06,198250,53377,91625,0.010476157527896652,0.5392938209331652,0.5283492496589359,13.4
5,1993-12-14,1996-12-02,208053,55446,95741,0.00021049041445120198,0.5362335558727824,0.517897243605143,12.6
6,1994-12-09,1997-11-26,218078,57672,98745,0.002364489412645407,0.5332174726474014,0.5096156767431262,13.1
7,1995-12-06,1998-11-24,226316,59795,103626,0.0009326033468832199,0.5238869545237632,0.5090035319321405,13.8
8,1996-12-02,1999-11-22,235572,62540,105969,0.0041320124001153384,0.5149211281476577,0.5177363191121932,14.7
9,1997-11-26,2000-11-16,244370,63970,109854,0.055908101825122285,0.5122928346360028,0.5097857155861416,14.2
10,1998-11-24,2001-11-20,253100,66349,113162,0.00025353644939701115,0.5150138285262742,0.5088810731517647,15.8
11,1999-11-22,2002-11-18,260650,68335,116399,0.0001,0.5133780932284673,0.5103136624885094,15.7
12,2000-11-16,2003-11-14,269397,70018,117491,0.0001,0.5141816724016971,0.506591994280413,15.3
13,2001-11-20,2004-11-12,276552,70500,118944,0.0001747528400007683,0.512507593508635,0.5059523809523809,15.4
14,2002-11-18,2005-11-09,281103,71731,122089,0.0001,0.5106704659857775,0.5078672116243068,13.7
15,2003-11-14,2006-11-07,284992,73532,125862,0.0001,0.5086107680215585,0.5032178099823617,14.5
16,2004-11-12,2007-11-06,291015,75880,129037,0.00021049041445120198,0.5100939814098929,0.5102567480645086,15.2
17,2005-11-09,2008-11-03,299028,77960,133018,0.0001,0.5090827614805302,0.5021951916282007,15.3
18,2006-11-07,2009-10-30,307668,80249,134915,0.0001,0.5111321294382256,0.5014787088166623,14.5
19,2007-11-06,2010-10-28,315922,81048,137867,0.0005336699231206312,0.5107843075189445,0.5040510056793867,16.2
20,2008-11-03,2011-10-25,322683,83117,140688,0.0003053855508833416,0.5070642085266345,0.5062762993290117,18.6
21,2009-10-30,2012-10-22,328757,84713,142713,0.00012045035402587823,0.5049382978917559,0.4991626551190151,17.0
22,2010-10-28,2013-10-22,335328,85940,145435,0.0001,0.505651183319019,0.5021693540069447,16.5
23,2011-10-25,2014-10-20,341257,87579,148398,0.0001,0.5055222310458101,0.5089960781142603,17.4
