date,open,high,low,close,volume,dividends,stock_splits
2013-10-10,54.150001525878906,55.02000045776367,51.560001373291016,52.0099983215332,29240900,0.0,0.0
2013-10-11,52.2599983215332,55.439998626708984,51.849998474121094,53.29999923706055,3245300,0.0,0.0
2013-10-14,53.18000030517578,56.5,53.0,55.63999938964844,1018700,0.0,0.0
2013-10-15,56.380001068115234,57.66999816894531,55.869998931884766,57.060001373291016,1566100,0.0,0.0
2013-10-16,57.400001525878906,57.79999923706055,55.97999954223633,57.560001373291016,2233300,0.0,0.0
2013-10-17,57.5,57.619998931884766,53.900001525878906,54.900001525878906,1985800,0.0,0.0
2013-10-18,55.29999923706055,56.560001373291016,52.90999984741211,55.130001068115234,1017200,0.0,0.0
2013-10-21,55.0,55.47999954223633,54.619998931884766,55.130001068115234,849200,0.0,0.0
2013-10-22,54.70000076293945,56.0099983215332,53.849998474121094,54.349998474121094,1071600,0.0,0.0
2013-10-23,53.25,55.0,53.119998931884766,54.81999969482422,781600,0.0,0.0
2013-10-24,54.81999969482422,55.45000076293945,54.47999954223633,55.20000076293945,629700,0.0,0.0
2013-10-25,55.04999923706055,56.52000045776367,54.310001373291016,56.380001068115234,536900,0.0,0.0
2013-10-28,56.0,57.150001525878906,55.59000015258789,57.0,518900,0.0,0.0
2013-10-29,57.0,57.220001220703125,56.040000915527344,56.33000183105469,1172600,0.0,0.0
2013-10-30,55.849998474121094,57.08000183105469,55.54999923706055,56.84000015258789,979300,0.0,0.0
2013-10-31,56.5,57.7599983215332,56.02000045776367,56.4900016784668,396100,0.0,0.0
2013-11-01,56.75,57.0,54.5099983215332,55.150001525878906,987600,0.0,0.0
2013-11-04,56.95000076293945,57.119998931884766,54.22999954223633,54.97999954223633,810100,0.0,0.0
2013-11-05,55.9900016784668,56.0,54.58000183105469,55.189998626708984,521300,0.0,0.0
2013-11-06,55.959999084472656,56.060001373291016,54.880001068115234,55.040000915527344,719300,0.0,0.0
2013-11-07,54.70000076293945,54.70000076293945,53.310001373291016,54.0,1566500,0.0,0.0
2013-11-08,56.720001220703125,56.720001220703125,54.0,55.63999938964844,708700,0.0,0.0
2013-11-11,55.150001525878906,55.849998474121094,54.15999984741211,54.279998779296875,646400,0.0,0.0
2013-11-12,54.279998779296875,55.060001373291016,53.599998474121094,54.2400016784668,523700,0.0,0.0
2013-11-13,54.47999954223633,54.47999954223633,53.77000045776367,54.06999969482422,433100,0.0,0.0
2013-11-14,54.040000915527344,54.130001068115234,53.36000061035156,53.79999923706055,362400,0.0,0.0
2013-11-15,54.0,54.52000045776367,53.400001525878906,53.52000045776367,384200,0.0,0.0
2013-11-18,53.63999938964844,54.150001525878906,51.83000183105469,52.060001373291016,395600,0.0,0.0
2013-11-19,52.0,52.9900016784668,51.88999938964844,52.70000076293945,569800,0.0,0.0
2013-11-20,52.54999923706055,53.279998779296875,51.970001220703125,52.66999816894531,383800,0.0,0.0
2013-11-21,52.75,53.779998779296875,52.40999984741211,53.4900016784668,349800,0.0,0.0
2013-11-22,54.7599983215332,55.97999954223633,54.099998474121094,55.400001525878906,910900,0.0,0.0
2013-11-25,55.45000076293945,55.45000076293945,54.43000030517578,55.18000030517578,48800,0.0,0.0
2013-11-26,55.060001373291016,55.619998931884766,54.95000076293945,55.099998474121094,409900,0.0,0.0
2013-11-27,55.119998931884766,56.33000183105469,54.849998474121094,54.86000061035156,253700,0.0,0.0
2013-11-29,55.13999938964844,55.709999084472656,54.65999984741211,54.900001525878906,92400,0.0,0.0
2013-12-02,54.84000015258789,55.13999938964844,52.720001220703125,54.22999954223633,623300,0.0,0.0
2013-12-03,54.34000015258789,55.060001373291016,53.720001220703125,54.34000015258789,885400,0.0,0.0
2013-12-04,54.0,54.93000030517578,53.81999969482422,54.400001525878906,769200,0.0,0.0
2013-12-05,54.279998779296875,55.0099983215332,54.0,54.689998626708984,741700,0.0,0.0
2013-12-06,54.9900016784668,55.77000045776367,54.15999984741211,54.18000030517578,733400,0.0,0.0
2013-12-09,53.11000061035156,54.709999084472656,53.099998474121094,54.29999923706055,575200,0.0,0.0
2013-12-10,55.7400016784668,58.22999954223633,55.7400016784668,56.84000015258789,2043800,0.0,0.0
2013-12-11,57.0,57.47999954223633,55.90999984741211,56.04999923706055,1287800,0.0,0.0
2013-12-12,55.900001525878906,56.97999954223633,55.38999938964844,56.68000030517578,815700,0.0,0.0
2013-12-13,57.060001373291016,57.06999969482422,56.2599983215332,56.40999984741211,551600,0.0,0.0
2013-12-16,56.79999923706055,57.2400016784668,56.34000015258789,56.56999969482422,712700,0.0,0.0
2013-12-17,56.709999084472656,58.81999969482422,56.349998474121094,58.459999084472656,787400,0.0,0.0
2013-12-18,58.560001373291016,59.56999969482422,58.150001525878906,59.540000915527344,1041000,0.0,0.0
2013-12-19,60.349998474121094,60.9900016784668,58.939998626708984,59.0,927200,0.0,0.0
2013-12-20,59.38999938964844,60.25,58.369998931884766,59.90999984741211,3382100,0.0,0.0
2013-12-23,59.810001373291016,60.529998779296875,58.540000915527344,60.33000183105469,967200,0.0,0.0
2013-12-24,60.2400016784668,61.15999984741211,60.2400016784668,61.08000183105469,272200,0.0,0.0
2013-12-26,61.369998931884766,62.029998779296875,60.560001373291016,61.0,242800,0.0,0.0
2013-12-27,61.2599983215332,62.459999084472656,60.720001220703125,62.380001068115234,318900,0.0,0.0
2013-12-30,62.27000045776367,63.189998626708984,61.86000061035156,62.25,423600,0.0,0.0
2013-12-31,62.5099983215332,63.56999969482422,61.34000015258789,63.439998626708984,510200,0.0,0.0
2014-01-02,63.150001525878906,63.209999084472656,60.06999969482422,60.97999954223633,1022400,0.0,0.0
2014-01-03,61.279998779296875,61.380001068115234,59.650001525878906,60.720001220703125,524600,0.0,0.0
2014-01-06,60.810001373291016,60.810001373291016,58.0,58.95000076293945,687600,0.0,0.0
2014-01-07,58.75,59.099998474121094,56.54999923706055,57.290000915527344,1084400,0.0,0.0
2014-01-08,57.52000045776367,58.369998931884766,56.810001373291016,57.939998626708984,680600,0.0,0.0
2014-01-09,58.2599983215332,58.45000076293945,54.790000915527344,56.099998474121094,1136100,0.0,0.0
2014-01-10,56.060001373291016,56.380001068115234,54.779998779296875,55.130001068115234,637900,0.0,0.0
2014-01-13,55.06999969482422,55.439998626708984,53.61000061035156,54.45000076293945,1125300,0.0,0.0
2014-01-14,54.560001373291016,55.599998474121094,54.099998474121094,55.369998931884766,550100,0.0,0.0
2014-01-15,55.63999938964844,56.939998626708984,55.08000183105469,56.029998779296875,973500,0.0,0.0
2014-01-16,56.5,57.560001373291016,56.099998474121094,57.04999923706055,867700,0.0,0.0
2014-01-17,57.27000045776367,57.84000015258789,56.369998931884766,56.5099983215332,688300,0.0,0.0
2014-01-21,58.29999923706055,58.29999923706055,56.34000015258789,57.20000076293945,658800,0.0,0.0
2014-01-22,57.5,58.27000045776367,57.33000183105469,58.18000030517578,542900,0.0,0.0
2014-01-23,58.18000030517578,58.70000076293945,57.52000045776367,58.52000045776367,766500,0.0,0.0
2014-01-24,57.970001220703125,58.720001220703125,55.0099983215332,57.9900016784668,1273300,0.0,0.0
2014-01-27,58.09000015258789,58.40999984741211,56.66999816894531,57.02000045776367,795800,0.0,0.0
2014-01-28,57.95000076293945,59.63999938964844,57.58000183105469,58.959999084472656,755400,0.0,0.0
2014-01-29,58.310001373291016,60.029998779296875,57.599998474121094,59.86000061035156,725100,0.0,0.0
2014-01-30,59.9900016784668,60.0,58.0,58.869998931884766,1405100,0.0,0.0
2014-01-31,58.34000015258789,59.43000030517578,57.470001220703125,58.7400016784668,437700,0.0,0.0
2014-02-03,59.119998931884766,59.2599983215332,56.869998931884766,57.529998779296875,372700,0.0,0.0
2014-02-04,57.7599983215332,58.43000030517578,56.08000183105469,57.58000183105469,1137300,0.0,0.0
2014-02-05,57.31999969482422,58.119998931884766,56.5,56.779998779296875,627100,0.0,0.0
2014-02-06,57.0,57.70000076293945,56.560001373291016,57.04999923706055,1391200,0.0,0.0
2014-02-07,58.290000915527344,58.290000915527344,55.33000183105469,55.68000030517578,1050300,0.0,0.0
2014-02-10,55.70000076293945,56.25,55.099998474121094,55.41999816894531,597500,0.0,0.0
2014-02-11,55.34000015258789,57.06999969482422,55.25,56.72999954223633,558100,0.0,0.0
2014-02-12,57.150001525878906,57.56999969482422,56.38999938964844,56.75,565200,0.0,0.0
2014-02-13,56.61000061035156,57.5,55.59000015258789,56.790000915527344,711100,0.0,0.0
2014-02-14,57.0,58.310001373291016,56.5,57.13999938964844,710800,0.0,0.0
2014-02-18,57.2599983215332,58.27000045776367,57.029998779296875,57.13999938964844,410100,0.0,0.0
2014-02-19,57.380001068115234,58.900001525878906,56.810001373291016,58.36000061035156,629500,0.0,0.0
2014-02-20,58.279998779296875,58.41999816894531,57.06999969482422,57.63999938964844,369800,0.0,0.0
2014-02-21,58.08000183105469,58.130001068115234,55.959999084472656,57.13999938964844,1462400,0.0,0.0
2014-02-24,57.470001220703125,58.97999954223633,57.09000015258789,58.27000045776367,965500,0.0,0.0
2014-02-25,57.97999954223633,58.95000076293945,57.7599983215332,58.61000061035156,561200,0.0,0.0
2014-02-26,58.56999969482422,59.09000015258789,58.029998779296875,58.58000183105469,787400,0.0,0.0
2014-02-27,59.13999938964844,62.040000915527344,56.81999969482422,60.66999816894531,1676900,0.0,0.0
2014-02-28,60.83000183105469,61.040000915527344,58.900001525878906,60.34000015258789,756300,0.0,0.0
2014-03-03,60.34000015258789,61.400001525878906,57.77000045776367,59.4900016784668,989700,0.0,0.0
2014-03-04,59.650001525878906,60.09000015258789,58.5,59.349998474121094,542800,0.0,0.0
2014-03-05,59.70000076293945,61.150001525878906,59.04999923706055,59.36000061035156,897700,0.0,0.0
2014-03-06,59.790000915527344,61.56999969482422,59.349998474121094,61.0099983215332,836400,0.0,0.0
2014-03-07,60.970001220703125,61.470001220703125,60.70000076293945,61.2400016784668,454700,0.0,0.0
2014-03-10,61.18000030517578,61.540000915527344,60.0,60.779998779296875,451500,0.0,0.0
2014-03-11,61.060001373291016,61.83000183105469,59.95000076293945,60.59000015258789,429600,0.0,0.0
2014-03-12,60.369998931884766,61.06999969482422,59.560001373291016,60.2400016784668,422800,0.0,0.0
2014-03-13,60.25,60.7400016784668,59.209999084472656,59.529998779296875,603000,0.0,0.0
2014-03-14,59.79999923706055,60.880001068115234,59.290000915527344,60.150001525878906,383800,0.0,0.0
2014-03-17,60.310001373291016,61.5,58.84000015258789,61.040000915527344,755800,0.0,0.0
2014-03-18,62.349998474121094,64.70999908447266,62.349998474121094,63.349998474121094,1380600,0.0,0.0
2014-03-19,64.0,64.94999694824219,62.5,62.83000183105469,1058300,0.0,0.0
2014-03-20,62.77000045776367,63.9900016784668,61.65999984741211,63.95000076293945,651100,0.0,0.0
2014-03-21,63.90999984741211,64.91000366210938,62.79999923706055,63.83000183105469,1046600,0.0,0.0
2014-03-24,64.5,67.2300033569336,63.86000061035156,65.69999694824219,1274900,0.0,0.0
2014-03-25,66.4800033569336,68.0,66.19000244140625,67.41000366210938,1081800,0.0,0.0
2014-03-26,67.8499984741211,68.43000030517578,65.26000213623047,65.4800033569336,657300,0.0,0.0
2014-03-27,65.31999969482422,65.4000015258789,62.45000076293945,63.689998626708984,1612000,0.0,0.0
2014-03-28,63.61000061035156,64.52999877929688,63.150001525878906,64.04000091552734,1010500,0.0,0.0
2014-03-31,64.0999984741211,64.6500015258789,61.84000015258789,62.599998474121094,947200,0.0,0.0
2014-04-01,62.45000076293945,65.27999877929688,61.369998931884766,65.08000183105469,1576400,0.0,0.0
2014-04-02,65.48999786376953,66.11000061035156,64.52999877929688,65.88999938964844,792600,0.0,0.0
2014-04-03,66.41999816894531,66.62000274658203,65.41999816894531,66.08000183105469,595400,0.0,0.0
2014-04-04,65.77999877929688,66.68000030517578,64.0,66.02999877929688,871600,0.0,0.0
2014-04-07,65.0999984741211,65.36000061035156,62.97999954223633,63.36000061035156,983100,0.0,0.0
2014-04-08,62.20000076293945,64.55000305175781,61.88999938964844,64.47000122070312,883100,0.0,0.0
2014-04-09,64.9000015258789,65.31999969482422,64.36000061035156,64.86000061035156,534400,0.0,0.0
2014-04-10,65.0,65.83000183105469,63.34000015258789,64.45999908447266,668000,0.0,0.0
2014-04-11,64.08000183105469,65.06999969482422,63.06999969482422,63.220001220703125,796100,0.0,0.0
2014-04-14,63.470001220703125,63.470001220703125,56.279998779296875,59.060001373291016,3916800,0.0,0.0
2014-04-15,58.720001220703125,60.2400016784668,58.02000045776367,60.209999084472656,1860800,0.0,0.0
2014-04-16,60.279998779296875,63.02000045776367,60.209999084472656,62.0099983215332,1209400,0.0,0.0
2014-04-17,61.869998931884766,63.869998931884766,60.77000045776367,63.36000061035156,525100,0.0,0.0
2014-04-21,63.25,64.77999877929688,62.459999084472656,64.52999877929688,917800,0.0,0.0
2014-04-22,64.61000061035156,65.62999725341797,63.65999984741211,63.709999084472656,569600,0.0,0.0
2014-04-23,64.30000305175781,64.37999725341797,63.400001525878906,63.54999923706055,482800,0.0,0.0
2014-04-24,64.02999877929688,64.16999816894531,62.34000015258789,63.290000915527344,1446600,0.0,0.0
2014-04-25,63.52000045776367,63.709999084472656,62.22999954223633,62.720001220703125,673500,0.0,0.0
2014-04-28,62.939998626708984,64.47000122070312,62.54999923706055,64.2699966430664,634400,0.0,0.0
2014-04-29,64.36000061035156,67.12000274658203,64.0999984741211,66.5,936600,0.0,0.0
2014-04-30,66.33999633789062,67.0,64.83999633789062,65.66999816894531,672700,0.0,0.0
2014-05-01,65.66999816894531,66.04000091552734,64.66999816894531,65.86000061035156,643200,0.0,0.0
2014-05-02,65.76000213623047,67.51000213623047,65.5,65.6500015258789,532900,0.0,0.0
2014-05-05,65.37000274658203,67.22000122070312,64.44000244140625,66.95999908447266,489600,0.0,0.0
2014-05-06,67.16999816894531,67.91999816894531,65.91000366210938,66.43000030517578,972900,0.0,0.0
2014-05-07,66.43000030517578,67.3499984741211,65.33000183105469,66.58000183105469,904000,0.0,0.0
2014-05-08,65.41999816894531,66.0,62.08000183105469,62.93000030517578,1866700,0.0,0.0
2014-05-09,62.95000076293945,65.81999969482422,62.709999084472656,64.13999938964844,884100,0.0,0.0
2014-05-12,64.66000366210938,64.72000122070312,62.54999923706055,63.790000915527344,862900,0.0,0.0
2014-05-13,61.5,63.25,61.29999923706055,63.13999938964844,1998200,0.0,0.0
2014-05-14,62.029998779296875,62.70000076293945,61.95000076293945,62.0099983215332,10020200,0.0,0.0
2014-05-15,61.88999938964844,62.7599983215332,61.27000045776367,62.209999084472656,2223600,0.0,0.0
2014-05-16,62.83000183105469,62.86000061035156,61.61000061035156,62.16999816894531,808000,0.0,0.0
2014-05-19,62.16999816894531,62.88999938964844,62.02000045776367,62.630001068115234,787600,0.0,0.0
2014-05-20,62.91999816894531,63.099998474121094,61.97999954223633,62.439998626708984,956700,0.0,0.0
2014-05-21,62.75,63.099998474121094,62.279998779296875,62.470001220703125,867100,0.0,0.0
2014-05-22,62.15999984741211,62.369998931884766,60.43000030517578,60.9900016784668,1429200,0.0,0.0
2014-05-23,60.97999954223633,61.34000015258789,60.0,60.56999969482422,1015400,0.0,0.0
2014-05-27,60.91999816894531,62.04999923706055,60.63999938964844,62.029998779296875,969800,0.0,0.0
2014-05-28,62.13999938964844,62.47999954223633,61.709999084472656,62.0,1020300,0.0,0.0
2014-05-29,61.7599983215332,62.15999984741211,60.70000076293945,61.599998474121094,1160500,0.0,0.0
2014-05-30,61.88999938964844,62.18000030517578,60.90999984741211,61.5,3068000,0.0,0.0
2014-06-02,61.970001220703125,62.880001068115234,61.2599983215332,61.810001373291016,821500,0.0,0.0
2014-06-03,61.7400016784668,63.08000183105469,61.06999969482422,63.04999923706055,968800,0.0,0.0
2014-06-04,63.04999923706055,64.4000015258789,62.599998474121094,64.05999755859375,844700,0.0,0.0
2014-06-05,64.29000091552734,64.4000015258789,63.02000045776367,63.52000045776367,894100,0.0,0.0
2014-06-06,63.939998626708984,63.939998626708984,62.52000045776367,63.43000030517578,915800,0.0,0.0
2014-06-09,63.41999816894531,63.810001373291016,61.689998626708984,62.2599983215332,833200,0.0,0.0
2014-06-10,62.02000045776367,62.11000061035156,60.66999816894531,60.95000076293945,938900,0.0,0.0
2014-06-11,60.369998931884766,61.52000045776367,60.0,61.29999923706055,1146500,0.0,0.0
2014-06-12,61.47999954223633,62.41999816894531,61.09000015258789,62.0,905100,0.0,0.0
2014-06-13,62.0,62.52000045776367,61.0,61.97999954223633,622500,0.0,0.0
2014-06-16,62.29999923706055,62.41999816894531,61.47999954223633,62.38999938964844,535400,0.0,0.0
2014-06-17,62.08000183105469,63.68000030517578,61.84000015258789,63.5,697700,0.0,0.0
2014-06-18,63.209999084472656,63.939998626708984,62.849998474121094,63.790000915527344,658500,0.0,0.0
2014-06-19,63.70000076293945,64.79000091552734,63.20000076293945,64.76000213623047,872600,0.0,0.0
2014-06-20,65.19000244140625,65.48999786376953,64.08999633789062,64.51000213623047,1173500,0.0,0.0
2014-06-23,64.44999694824219,65.08999633789062,64.25,64.58000183105469,839500,0.0,0.0
2014-06-24,64.2300033569336,64.80000305175781,63.16999816894531,63.34000015258789,913400,0.0,0.0
2014-06-25,63.150001525878906,64.23999786376953,62.75,63.650001525878906,662600,0.0,0.0
2014-06-26,64.43000030517578,65.0,63.91999816894531,64.56999969482422,641700,0.0,0.0
2014-06-27,64.58000183105469,65.44999694824219,64.0,64.80999755859375,1664100,0.0,0.0
2014-06-30,65.1500015258789,66.05999755859375,64.30000305175781,65.62999725341797,637000,0.0,0.0
2014-07-01,65.56999969482422,65.83999633789062,64.16000366210938,64.88999938964844,770800,0.0,0.0
2014-07-02,65.02999877929688,66.0999984741211,64.58999633789062,65.08999633789062,734300,0.0,0.0
2014-07-03,65.5199966430664,65.7300033569336,64.30000305175781,65.70999908447266,391800,0.0,0.0
2014-07-07,65.43000030517578,65.43000030517578,64.0,64.36000061035156,739800,0.0,0.0
2014-07-08,64.23999786376953,64.23999786376953,62.63999938964844,63.959999084472656,913900,0.0,0.0
2014-07-09,64.12000274658203,64.27999877929688,63.59000015258789,63.7599983215332,548600,0.0,0.0
2014-07-10,63.18000030517578,63.439998626708984,62.15999984741211,62.209999084472656,1087400,0.0,0.0
2014-07-11,62.279998779296875,62.779998779296875,61.470001220703125,61.86000061035156,941600,0.0,0.0
2014-07-14,61.95000076293945,62.27000045776367,61.310001373291016,61.43000030517578,569000,0.0,0.0
2014-07-15,61.209999084472656,61.5,59.81999969482422,60.33000183105469,713300,0.0,0.0
2014-07-16,60.400001525878906,60.88999938964844,59.43000030517578,60.400001525878906,978800,0.0,0.0
2014-07-17,60.56999969482422,61.0,59.119998931884766,59.40999984741211,1435300,0.0,0.0
2014-07-18,59.380001068115234,61.18000030517578,59.380001068115234,60.63999938964844,1065700,0.0,0.0
2014-07-21,60.36000061035156,60.91999816894531,60.0,60.20000076293945,834700,0.0,0.0
2014-07-22,60.4900016784668,60.54999923706055,59.5099983215332,59.540000915527344,1837400,0.0,0.0
2014-07-23,59.83000183105469,59.88999938964844,59.150001525878906,59.709999084472656,1073000,0.0,0.0
2014-07-24,59.77000045776367,60.470001220703125,59.220001220703125,59.369998931884766,782000,0.0,0.0
2014-07-25,59.47999954223633,59.65999984741211,58.2599983215332,58.56999969482422,735700,0.0,0.0
2014-07-28,58.529998779296875,58.58000183105469,56.90999984741211,57.900001525878906,979400,0.0,0.0
2014-07-29,57.75,58.70000076293945,57.75,57.90999984741211,503100,0.0,0.0
2014-07-30,57.939998626708984,58.47999954223633,57.619998931884766,58.18000030517578,797800,0.0,0.0
2014-07-31,58.0,58.150001525878906,57.209999084472656,57.7599983215332,1220200,0.0,0.0
2014-08-01,57.88999938964844,57.88999938964844,56.61000061035156,57.279998779296875,1254500,0.0,0.0
2014-08-04,57.459999084472656,58.18000030517578,56.560001373291016,57.65999984741211,740000,0.0,0.0
2014-08-05,57.93000030517578,58.95000076293945,56.95000076293945,57.380001068115234,896700,0.0,0.0
2014-08-06,57.0,58.09000015258789,56.9900016784668,57.15999984741211,1166300,0.0,0.0
2014-08-07,56.0,56.9900016784668,53.41999816894531,56.099998474121094,3341400,0.0,0.0
2014-08-08,56.209999084472656,57.29999923706055,55.81999969482422,57.09000015258789,610300,0.0,0.0
2014-08-11,57.58000183105469,57.81999969482422,56.400001525878906,56.459999084472656,767400,0.0,0.0
2014-08-12,56.4900016784668,56.97999954223633,55.52000045776367,55.619998931884766,812100,0.0,0.0
2014-08-13,55.529998779296875,56.06999969482422,55.119998931884766,55.220001220703125,705000,0.0,0.0
2014-08-14,55.25,55.779998779296875,55.11000061035156,55.33000183105469,657300,0.0,0.0
2014-08-15,55.7400016784668,55.970001220703125,55.18000030517578,55.52000045776367,547000,0.0,0.0
2014-08-18,55.56999969482422,56.0,55.2400016784668,55.869998931884766,510200,0.0,0.0
2014-08-19,56.04999923706055,57.7400016784668,55.959999084472656,57.06999969482422,689400,0.0,0.0
2014-08-20,56.970001220703125,57.93000030517578,56.52000045776367,56.91999816894531,540300,0.0,0.0
2014-08-21,57.16999816894531,57.16999816894531,56.130001068115234,56.88999938964844,337500,0.0,0.0
2014-08-22,56.77000045776367,57.560001373291016,56.279998779296875,56.38999938964844,457100,0.0,0.0
2014-08-25,56.68000030517578,57.66999816894531,56.68000030517578,57.400001525878906,326400,0.0,0.0
2014-08-26,57.709999084472656,58.4900016784668,57.439998626708984,57.47999954223633,514600,0.0,0.0
2014-08-27,57.5099983215332,57.86000061035156,56.22999954223633,56.72999954223633,898800,0.0,0.0
2014-08-28,56.63999938964844,57.40999984741211,56.5,57.29999923706055,509100,0.0,0.0
2014-08-29,57.29999923706055,57.93000030517578,57.09000015258789,57.849998474121094,288800,0.0,0.0
2014-09-02,57.88999938964844,58.099998474121094,56.43000030517578,56.63999938964844,318300,0.0,0.0
2014-09-03,57.04999923706055,57.11000061035156,56.4900016784668,56.5099983215332,564700,0.0,0.0
2014-09-04,56.47999954223633,57.5099983215332,55.38999938964844,55.5099983215332,909500,0.0,0.0
2014-09-05,55.599998474121094,56.209999084472656,55.08000183105469,56.16999816894531,489800,0.0,0.0
2014-09-08,55.75,56.27000045776367,55.150001525878906,55.959999084472656,686700,0.0,0.0
2014-09-09,55.939998626708984,56.470001220703125,55.27000045776367,55.84000015258789,673500,0.0,0.0
2014-09-10,55.880001068115234,56.900001525878906,54.959999084472656,56.45000076293945,579400,0.0,0.0
2014-09-11,55.970001220703125,56.75,55.56999969482422,56.599998474121094,721300,0.0,0.0
2014-09-12,56.43000030517578,57.06999969482422,56.09000015258789,56.77000045776367,907400,0.0,0.0
2014-09-15,56.68000030517578,57.31999969482422,55.869998931884766,56.7599983215332,813200,0.0,0.0
2014-09-16,56.7599983215332,58.02000045776367,56.31999969482422,57.79999923706055,894600,0.0,0.0
2014-09-17,57.7599983215332,58.25,57.2400016784668,57.630001068115234,751500,0.0,0.0
2014-09-18,57.7599983215332,58.630001068115234,57.65999984741211,57.97999954223633,943400,0.0,0.0
2014-09-19,57.939998626708984,58.29999923706055,57.54999923706055,57.91999816894531,1830500,0.0,0.0
2014-09-22,57.20000076293945,57.630001068115234,56.040000915527344,56.93000030517578,1574700,0.0,0.0
2014-09-23,56.720001220703125,57.75,56.20000076293945,56.38999938964844,1033800,0.0,0.0
2014-09-24,56.599998474121094,56.75,55.400001525878906,56.31999969482422,759600,0.0,0.0
2014-09-25,56.56999969482422,56.66999816894531,54.25,54.52000045776367,1296500,0.0,0.0
2014-09-26,54.369998931884766,55.56999969482422,53.939998626708984,55.20000076293945,967200,0.0,0.0
2014-09-29,54.81999969482422,55.619998931884766,53.720001220703125,55.38999938964844,817200,0.0,0.0
2014-09-30,55.22999954223633,56.22999954223633,54.529998779296875,54.88999938964844,2234300,0.0,0.0
2014-10-01,54.90999984741211,55.599998474121094,53.939998626708984,54.029998779296875,1215800,0.0,0.0
2014-10-02,53.54999923706055,53.83000183105469,52.33000183105469,53.130001068115234,1255400,0.0,0.0
2014-10-03,53.349998474121094,53.369998931884766,51.779998779296875,52.220001220703125,1197500,0.0,0.0
2014-10-06,52.279998779296875,52.72999954223633,51.7599983215332,51.86000061035156,708400,0.0,0.0
2014-10-07,51.75,51.880001068115234,49.95000076293945,50.06999969482422,1453800,0.0,0.0
2014-10-08,49.900001525878906,49.970001220703125,48.439998626708984,49.689998626708984,1647000,0.0,0.0
2014-10-09,49.15999984741211,49.540000915527344,47.689998626708984,47.79999923706055,1295000,0.0,0.0
2014-10-10,47.72999954223633,48.650001525878906,46.400001525878906,47.380001068115234,1151100,0.0,0.0
2014-10-13,47.20000076293945,47.720001220703125,45.779998779296875,46.08000183105469,1014100,0.0,0.0
2014-10-14,46.81999969482422,48.81999969482422,45.75,46.13999938964844,1960200,0.0,0.0
2014-10-15,45.540000915527344,49.13999938964844,44.66999816894531,48.65999984741211,2482600,0.0,0.0
2014-10-16,47.060001373291016,52.86000061035156,47.060001373291016,52.439998626708984,2317900,0.0,0.0
2014-10-17,53.779998779296875,54.11000061035156,49.439998626708984,50.209999084472656,2050000,0.0,0.0
2014-10-20,50.15999984741211,51.349998474121094,48.810001373291016,49.459999084472656,1022900,0.0,0.0
2014-10-21,50.0,50.54999923706055,49.25,49.880001068115234,1391500,0.0,0.0
2014-10-22,49.86000061035156,50.119998931884766,47.650001525878906,47.75,1355600,0.0,0.0
2014-10-23,48.47999954223633,49.77000045776367,47.93000030517578,48.439998626708984,1175800,0.0,0.0
2014-10-24,48.529998779296875,49.68000030517578,47.91999816894531,48.90999984741211,1039700,0.0,0.0
2014-10-27,49.11000061035156,49.18000030517578,47.22999954223633,48.43000030517578,788600,0.0,0.0
2014-10-28,48.2400016784668,50.06999969482422,48.2400016784668,50.06999969482422,962700,0.0,0.0
2014-10-29,50.63999938964844,51.5,50.27000045776367,50.83000183105469,948100,0.0,0.0
2014-10-30,50.36000061035156,51.5,50.310001373291016,51.25,1046200,0.0,0.0
2014-10-31,50.79999923706055,52.47999954223633,50.52000045776367,52.439998626708984,1579400,0.0,0.0
2014-11-03,52.65999984741211,54.31999969482422,51.63999938964844,52.29999923706055,2463500,0.0,0.0
2014-11-04,52.22999954223633,52.72999954223633,50.540000915527344,51.25,2091500,0.0,0.0
2014-11-05,51.959999084472656,52.68000030517578,51.0099983215332,52.310001373291016,1794800,0.0,0.0
2014-11-06,51.75,53.0,49.470001220703125,52.79999923706055,2163200,0.0,0.0
2014-11-07,53.400001525878906,55.86000061035156,52.86000061035156,55.060001373291016,2075100,0.0,0.0
2014-11-10,55.25,56.810001373291016,54.06999969482422,54.779998779296875,1870900,0.0,0.0
2014-11-11,54.619998931884766,55.709999084472656,53.709999084472656,55.060001373291016,1040200,0.0,0.0
2014-11-12,54.56999969482422,56.2400016784668,54.54999923706055,55.5099983215332,1583300,0.0,0.0
2014-11-13,55.02000045776367,55.11000061035156,52.58000183105469,53.18000030517578,1254200,0.0,0.0
2014-11-14,53.18000030517578,53.900001525878906,52.02000045776367,52.5099983215332,1303300,0.0,0.0
2014-11-17,52.04999923706055,52.939998626708984,51.029998779296875,52.27000045776367,1334500,0.0,0.0
2014-11-18,52.0099983215332,52.70000076293945,51.869998931884766,52.150001525878906,599200,0.0,0.0
2014-11-19,52.59000015258789,53.0099983215332,51.869998931884766,52.29999923706055,823500,0.0,0.0
2014-11-20,52.529998779296875,53.41999816894531,52.08000183105469,53.2400016784668,1237500,0.0,0.0
2014-11-21,54.0099983215332,54.45000076293945,52.290000915527344,52.810001373291016,1557900,0.0,0.0
2014-11-24,52.54999923706055,52.95000076293945,51.849998474121094,52.599998474121094,852100,0.0,0.0
2014-11-25,52.70000076293945,53.08000183105469,51.0,51.470001220703125,2092600,0.0,0.0
2014-11-26,51.04999923706055,51.54999923706055,49.029998779296875,49.29999923706055,2155700,0.0,0.0
2014-11-28,47.58000183105469,48.41999816894531,46.459999084472656,46.91999816894531,922000,0.0,0.0
2014-12-01,46.45000076293945,47.08000183105469,45.599998474121094,46.709999084472656,1238800,0.0,0.0
2014-12-02,46.63999938964844,47.0,45.13999938964844,45.2599983215332,1067600,0.0,0.0
2014-12-03,44.7400016784668,46.310001373291016,44.72999954223633,46.0099983215332,1409200,0.0,0.0
2014-12-04,45.349998474121094,45.529998779296875,43.56999969482422,43.970001220703125,1385700,0.0,0.0
2014-12-05,44.0,44.130001068115234,41.63999938964844,42.279998779296875,1796600,0.0,0.0
2014-12-08,41.31999969482422,41.459999084472656,37.86000061035156,38.599998474121094,3457900,0.0,0.0
2014-12-09,38.5,39.779998779296875,38.5,39.189998626708984,1780800,0.0,0.0
2014-12-10,38.029998779296875,39.52000045776367,37.849998474121094,39.040000915527344,2239600,0.0,0.0
2014-12-11,38.810001373291016,40.369998931884766,38.459999084472656,39.220001220703125,2502100,0.0,0.0
2014-12-12,38.810001373291016,40.38999938964844,38.41999816894531,39.88999938964844,2121100,0.0,0.0
2014-12-15,40.20000076293945,40.83000183105469,39.349998474121094,39.54999923706055,2591400,0.0,0.0
2014-12-16,39.130001068115234,41.86000061035156,39.04999923706055,40.9900016784668,2087200,0.0,0.0
2014-12-17,40.9900016784668,44.5099983215332,40.7599983215332,43.33000183105469,1594900,0.0,0.0
2014-12-18,44.47999954223633,44.83000183105469,41.72999954223633,43.04999923706055,1587200,0.0,0.0
2014-12-19,43.400001525878906,44.27000045776367,42.45000076293945,44.0099983215332,2657700,0.0,0.0
2014-12-22,42.47999954223633,43.619998931884766,42.04999923706055,42.65999984741211,2439800,0.0,0.0
2014-12-23,42.95000076293945,44.130001068115234,42.88999938964844,43.13999938964844,2608200,0.0,0.0
2014-12-24,43.130001068115234,43.13999938964844,41.900001525878906,42.5,775400,0.0,0.0
2014-12-26,42.650001525878906,42.65999984741211,40.7599983215332,41.40999984741211,1229500,0.0,0.0
2014-12-29,41.68000030517578,42.709999084472656,40.970001220703125,41.290000915527344,1933200,0.0,0.0
2014-12-30,40.970001220703125,41.5,40.34000015258789,40.68000030517578,1882600,0.0,0.0
2014-12-31,40.36000061035156,41.25,40.04999923706055,40.58000183105469,1266100,0.0,0.0
2015-01-02,40.599998474121094,42.41999816894531,39.970001220703125,42.349998474121094,1526500,0.0,0.0
2015-01-05,41.95000076293945,42.09000015258789,38.31999969482422,38.47999954223633,2018200,0.0,0.0
2015-01-06,38.40999984741211,39.150001525878906,36.79999923706055,38.06999969482422,2669100,0.0,0.0
2015-01-07,38.56999969482422,38.56999969482422,35.869998931884766,36.63999938964844,2185700,0.0,0.0
2015-01-08,37.060001373291016,38.09000015258789,36.439998626708984,37.83000183105469,1422700,0.0,0.0
2015-01-09,37.66999816894531,39.709999084472656,37.380001068115234,39.33000183105469,2386800,0.0,0.0
2015-01-12,38.84000015258789,38.880001068115234,35.97999954223633,36.529998779296875,2618000,0.0,0.0
2015-01-13,36.59000015258789,37.2599983215332,35.66999816894531,36.279998779296875,2100600,0.0,0.0
2015-01-14,35.95000076293945,36.720001220703125,35.25,36.099998474121094,2749700,0.0,0.0
2015-01-15,36.91999816894531,36.970001220703125,34.849998474121094,35.18000030517578,2937600,0.0,0.0
2015-01-16,35.459999084472656,37.29999923706055,35.2400016784668,37.220001220703125,1312000,0.0,0.0
2015-01-20,36.630001068115234,36.9900016784668,35.25,36.54999923706055,1683900,0.0,0.0
2015-01-21,36.970001220703125,37.97999954223633,36.779998779296875,37.0,2134300,0.0,0.0
2015-01-22,37.02000045776367,37.5,35.630001068115234,35.90999984741211,2169500,0.0,0.0
2015-01-23,35.060001373291016,37.040000915527344,34.9900016784668,35.4900016784668,1472700,0.0,0.0
2015-01-26,35.68000030517578,37.88999938964844,35.58000183105469,36.650001525878906,2345700,0.0,0.0
2015-01-27,36.54999923706055,37.45000076293945,36.189998626708984,36.81999969482422,1525000,0.0,0.0
2015-01-28,36.47999954223633,36.5,34.2400016784668,34.59000015258789,1627300,0.0,0.0
2015-01-29,34.79999923706055,35.20000076293945,33.790000915527344,34.02000045776367,1821000,0.0,0.0
2015-01-30,33.470001220703125,34.900001525878906,33.25,34.650001525878906,1820300,0.0,0.0
2015-02-02,35.369998931884766,36.7599983215332,35.0,36.54999923706055,1997700,0.0,0.0
2015-02-03,37.58000183105469,38.720001220703125,36.66999816894531,38.58000183105469,2369900,0.0,0.0
2015-02-04,38.22999954223633,38.880001068115234,37.20000076293945,38.0099983215332,2077000,0.0,0.0
2015-02-05,37.70000076293945,40.5,37.70000076293945,40.40999984741211,2110100,0.0,0.0
2015-02-06,40.849998474121094,40.900001525878906,39.189998626708984,39.970001220703125,2360100,0.0,0.0
2015-02-09,40.029998779296875,41.93000030517578,39.959999084472656,40.66999816894531,2008600,0.0,0.0
2015-02-10,40.869998931884766,41.029998779296875,39.09000015258789,40.97999954223633,1612000,0.0,0.0
2015-02-11,40.849998474121094,41.25,39.290000915527344,39.77000045776367,1622100,0.0,0.0
2015-02-12,40.40999984741211,40.650001525878906,39.310001373291016,39.650001525878906,1354700,0.0,0.0
2015-02-13,40.209999084472656,40.56999969482422,39.54999923706055,40.34000015258789,1014200,0.0,0.0
2015-02-17,40.130001068115234,42.13999938964844,39.36000061035156,42.02000045776367,1437500,0.0,0.0
2015-02-18,41.40999984741211,42.2599983215332,40.630001068115234,41.040000915527344,1052400,0.0,0.0
2015-02-19,39.900001525878906,41.779998779296875,39.47999954223633,41.279998779296875,840500,0.0,0.0
2015-02-20,41.29999923706055,41.65999984741211,40.0,40.2400016784668,1143700,0.0,0.0
2015-02-23,40.150001525878906,40.619998931884766,39.45000076293945,40.150001525878906,1247000,0.0,0.0
2015-02-24,40.29999923706055,40.650001525878906,38.95000076293945,39.40999984741211,1515100,0.0,0.0
2015-02-25,39.56999969482422,41.06999969482422,39.33000183105469,41.029998779296875,1972000,0.0,0.0
2015-02-26,41.0,41.970001220703125,39.18000030517578,40.52000045776367,2526000,0.0,0.0
2015-02-27,40.900001525878906,40.939998626708984,38.95000076293945,39.45000076293945,1621600,0.0,0.0
2015-03-02,39.45000076293945,39.45000076293945,37.25,38.02000045776367,1735500,0.0,0.0
2015-03-03,38.25,38.72999954223633,37.7599983215332,37.849998474121094,1182600,0.0,0.0
2015-03-04,38.2400016784668,38.54999923706055,37.529998779296875,38.45000076293945,806600,0.0,0.0
2015-03-05,38.0099983215332,38.11000061035156,36.9900016784668,37.130001068115234,9993400,0.0,0.0
2015-03-06,37.0,37.369998931884766,36.650001525878906,36.88999938964844,3895300,0.0,0.0
2015-03-09,37.540000915527344,37.650001525878906,36.029998779296875,36.04999923706055,2813400,0.0,0.0
2015-03-10,35.720001220703125,36.060001373291016,35.220001220703125,35.529998779296875,1908200,0.0,0.0
2015-03-11,35.599998474121094,36.63999938964844,35.25,36.43000030517578,1635400,0.0,0.0
2015-03-12,36.56999969482422,37.13999938964844,35.880001068115234,36.380001068115234,1270600,0.0,0.0
2015-03-13,35.939998626708984,35.9900016784668,34.79999923706055,35.15999984741211,1349800,0.0,0.0
2015-03-16,34.86000061035156,35.08000183105469,33.68000030517578,34.93000030517578,1535400,0.0,0.0
2015-03-17,34.720001220703125,35.83000183105469,34.529998779296875,35.45000076293945,1412600,0.0,0.0
2015-03-18,34.959999084472656,37.130001068115234,34.75,36.959999084472656,1537800,0.0,0.0
2015-03-19,36.13999938964844,36.290000915527344,35.56999969482422,35.630001068115234,1266800,0.0,0.0
2015-03-20,36.0,36.58000183105469,35.65999984741211,36.029998779296875,1856100,0.0,0.0
2015-03-23,35.77000045776367,36.619998931884766,35.20000076293945,35.279998779296875,1289100,0.0,0.0
2015-03-24,35.43000030517578,35.5099983215332,34.79999923706055,35.08000183105469,1441900,0.0,0.0
2015-03-25,35.43000030517578,36.08000183105469,34.84000015258789,35.45000076293945,1605200,0.0,0.0
2015-03-26,36.619998931884766,36.709999084472656,34.84000015258789,35.33000183105469,1200500,0.0,0.0
2015-03-27,35.0,35.369998931884766,34.4900016784668,34.970001220703125,881000,0.0,0.0
2015-03-30,35.2599983215332,36.02000045776367,34.349998474121094,35.209999084472656,1505100,0.0,0.0
2015-03-31,34.81999969482422,35.72999954223633,34.630001068115234,35.31999969482422,1459200,0.0,0.0
2015-04-01,35.38999938964844,36.18000030517578,35.09000015258789,35.349998474121094,1472900,0.0,0.0
2015-04-02,35.2400016784668,36.83000183105469,34.9900016784668,36.779998779296875,2074100,0.0,0.0
2015-04-06,37.13999938964844,37.47999954223633,36.91999816894531,37.15999984741211,2233500,0.0,0.0
2015-04-07,36.970001220703125,38.09000015258789,36.970001220703125,38.0099983215332,2448000,0.0,0.0
2015-04-08,38.2400016784668,38.2599983215332,37.189998626708984,37.54999923706055,1921400,0.0,0.0
2015-04-09,37.720001220703125,38.060001373291016,37.310001373291016,37.68000030517578,1031200,0.0,0.0
2015-04-10,37.7400016784668,37.86000061035156,36.97999954223633,37.349998474121094,968700,0.0,0.0
2015-04-13,37.45000076293945,37.709999084472656,37.06999969482422,37.59000015258789,1228600,0.0,0.0
2015-04-14,37.880001068115234,39.189998626708984,37.869998931884766,38.9900016784668,1323400,0.0,0.0
2015-04-15,39.38999938964844,41.70000076293945,38.869998931884766,41.349998474121094,2104200,0.0,0.0
2015-04-16,41.060001373291016,42.0099983215332,40.13999938964844,41.56999969482422,2493900,0.0,0.0
2015-04-17,41.13999938964844,41.63999938964844,40.529998779296875,41.470001220703125,1480800,0.0,0.0
2015-04-20,41.16999816894531,42.25,41.08000183105469,41.58000183105469,1385600,0.0,0.0
2015-04-21,41.66999816894531,42.189998626708984,40.9900016784668,41.380001068115234,1245600,0.0,0.0
2015-04-22,41.540000915527344,42.15999984741211,41.150001525878906,41.95000076293945,987400,0.0,0.0
2015-04-23,42.08000183105469,42.810001373291016,42.0,42.29999923706055,1140400,0.0,0.0
2015-04-24,41.9900016784668,42.83000183105469,41.779998779296875,42.560001373291016,1632100,0.0,0.0
2015-04-27,42.18000030517578,42.59000015258789,41.66999816894531,41.810001373291016,1702900,0.0,0.0
2015-04-28,41.869998931884766,42.65999984741211,41.689998626708984,41.91999816894531,1195800,0.0,0.0
2015-04-29,41.66999816894531,42.900001525878906,41.43000030517578,42.599998474121094,1417900,0.0,0.0
2015-04-30,44.72999954223633,44.83000183105469,40.220001220703125,44.310001373291016,2731200,0.0,0.0
2015-05-01,44.380001068115234,45.5,43.81999969482422,44.88999938964844,2770400,0.0,0.0
2015-05-04,44.900001525878906,45.150001525878906,43.970001220703125,44.45000076293945,1143200,0.0,0.0
2015-05-05,45.0,45.189998626708984,43.619998931884766,43.91999816894531,1729100,0.0,0.0
2015-05-06,44.470001220703125,45.08000183105469,43.709999084472656,44.04999923706055,2383200,0.0,0.0
2015-05-07,43.88999938964844,43.900001525878906,42.81999969482422,43.58000183105469,1647100,0.0,0.0
2015-05-08,43.560001373291016,46.060001373291016,42.84000015258789,45.650001525878906,3119700,0.0,0.0
2015-05-11,45.63999938964844,45.88999938964844,44.290000915527344,44.4900016784668,1446200,0.0,0.0
2015-05-12,45.11000061035156,45.439998626708984,44.16999816894531,44.36000061035156,1922800,0.0,0.0
2015-05-13,44.75,44.9900016784668,42.88999938964844,43.2400016784668,1974400,0.0,0.0
2015-05-14,42.959999084472656,43.130001068115234,41.79999923706055,41.900001525878906,2340000,0.0,0.0
2015-05-15,41.599998474121094,43.45000076293945,41.279998779296875,42.75,2149500,0.0,0.0
2015-05-18,42.45000076293945,42.9900016784668,41.689998626708984,42.52000045776367,1559000,0.0,0.0
2015-05-19,41.599998474121094,41.83000183105469,40.650001525878906,41.119998931884766,1485600,0.0,0.0
2015-05-20,40.939998626708984,41.25,40.27000045776367,40.97999954223633,1322900,0.0,0.0
2015-05-21,40.9900016784668,41.650001525878906,40.9900016784668,41.27000045776367,1172800,0.0,0.0
2015-05-22,40.560001373291016,41.63999938964844,40.31999969482422,40.79999923706055,1192700,0.0,0.0
2015-05-26,40.31999969482422,40.810001373291016,39.959999084472656,40.29999923706055,1484700,0.0,0.0
2015-05-27,40.189998626708984,40.65999984741211,39.68000030517578,40.29999923706055,1160000,0.0,0.0
2015-05-28,40.22999954223633,41.2599983215332,39.470001220703125,40.34000015258789,2080300,0.0,0.0
2015-05-29,40.22999954223633,40.52000045776367,39.79999923706055,40.0099983215332,1652200,0.0,0.0
2015-06-01,40.11000061035156,40.209999084472656,39.2400016784668,39.529998779296875,1216200,0.0,0.0
2015-06-02,39.41999816894531,40.52000045776367,39.41999816894531,40.06999969482422,945600,0.0,0.0
2015-06-03,39.790000915527344,40.209999084472656,39.220001220703125,39.25,801600,0.0,0.0
2015-06-04,38.939998626708984,39.130001068115234,38.119998931884766,38.380001068115234,1281100,0.0,0.0
2015-06-05,38.150001525878906,39.40999984741211,38.0,38.189998626708984,1184700,0.0,0.0
2015-06-08,38.2400016784668,38.63999938964844,37.40999984741211,37.97999954223633,1159400,0.0,0.0
2015-06-09,38.52000045776367,39.220001220703125,38.06999969482422,38.130001068115234,1079300,0.0,0.0
2015-06-10,38.66999816894531,38.66999816894531,36.779998779296875,37.599998474121094,2277000,0.0,0.0
2015-06-11,37.68000030517578,37.70000076293945,36.220001220703125,36.66999816894531,2104200,0.0,0.0
2015-06-12,36.4900016784668,36.650001525878906,35.97999954223633,36.20000076293945,1898100,0.0,0.0
2015-06-15,35.91999816894531,36.880001068115234,35.900001525878906,36.52000045776367,854900,0.0,0.0
2015-06-16,36.400001525878906,36.77000045776367,36.04999923706055,36.349998474121094,1445100,0.0,0.0
2015-06-17,36.72999954223633,37.06999969482422,35.95000076293945,36.220001220703125,1195000,0.0,0.0
2015-06-18,36.41999816894531,36.47999954223633,35.810001373291016,36.150001525878906,1930700,0.0,0.0
2015-06-19,35.93000030517578,36.029998779296875,35.08000183105469,35.2400016784668,2345200,0.0,0.0
2015-06-22,35.54999923706055,35.75,35.02000045776367,35.720001220703125,1314100,0.0,0.0
2015-06-23,35.650001525878906,35.83000183105469,35.13999938964844,35.790000915527344,1482300,0.0,0.0
2015-06-24,35.72999954223633,36.2400016784668,35.349998474121094,35.709999084472656,2123600,0.0,0.0
2015-06-25,35.709999084472656,35.83000183105469,35.18000030517578,35.20000076293945,1608300,0.0,0.0
2015-06-26,35.2400016784668,35.40999984741211,34.7599983215332,35.119998931884766,3860600,0.0,0.0
2015-06-29,34.54999923706055,34.93000030517578,33.97999954223633,34.220001220703125,1209200,0.0,0.0
2015-06-30,34.619998931884766,34.66999816894531,33.88999938964844,34.34000015258789,1295400,0.0,0.0
2015-07-01,34.33000183105469,34.560001373291016,33.310001373291016,33.61000061035156,2752400,0.0,0.0
2015-07-02,33.810001373291016,34.04999923706055,33.16999816894531,33.25,2120300,0.0,0.0
2015-07-06,32.619998931884766,33.0099983215332,32.11000061035156,32.29999923706055,3637100,0.0,0.0
2015-07-07,32.209999084472656,33.029998779296875,31.329999923706055,33.02000045776367,2313900,0.0,0.0
2015-07-08,32.97999954223633,32.9900016784668,30.93000030517578,31.229999542236328,1446200,0.0,0.0
2015-07-09,31.809999465942383,32.02000045776367,31.020000457763672,31.040000915527344,1594500,0.0,0.0
2015-07-10,31.420000076293945,31.440000534057617,30.1299991607666,30.190000534057617,1393300,0.0,0.0
2015-07-13,30.6200008392334,31.25,30.110000610351562,31.239999771118164,2454600,0.0,0.0
2015-07-14,31.389999389648438,32.599998474121094,30.920000076293945,32.58000183105469,2282400,0.0,0.0
2015-07-15,32.40999984741211,32.529998779296875,31.209999084472656,31.600000381469727,2201600,0.0,0.0
2015-07-16,31.709999084472656,31.709999084472656,30.959999084472656,31.549999237060547,2462300,0.0,0.0
2015-07-17,31.450000762939453,31.450000762939453,30.139999389648438,30.43000030517578,2343300,0.0,0.0
2015-07-20,30.3799991607666,30.479999542236328,29.25,29.5,4065800,0.0,0.0
2015-07-21,29.559999465942383,30.139999389648438,29.040000915527344,29.260000228881836,2869900,0.0,0.0
2015-07-22,29.079999923706055,29.510000228881836,28.549999237060547,28.84000015258789,3098800,0.0,0.0
2015-07-23,28.739999771118164,29.06999969482422,27.81999969482422,28.549999237060547,4931200,0.0,0.0
2015-07-24,28.5,28.540000915527344,27.8799991607666,28.239999771118164,2600500,0.0,0.0
2015-07-27,27.809999465942383,28.440000534057617,27.229999542236328,27.520000457763672,2526300,0.0,0.0
2015-07-28,27.719999313354492,29.040000915527344,27.43000030517578,28.479999542236328,2005500,0.0,0.0
2015-07-29,28.299999237060547,28.829999923706055,27.600000381469727,28.40999984741211,2571400,0.0,0.0
2015-07-30,28.389999389648438,29.219999313354492,27.709999084472656,28.049999237060547,2060600,0.0,0.0
2015-07-31,28.139999389648438,28.18000030517578,27.489999771118164,27.510000228881836,2589800,0.0,0.0
2015-08-03,27.09000015258789,27.780000686645508,26.3799991607666,26.440000534057617,2448400,0.0,0.0
2015-08-04,26.809999465942383,27.149999618530273,26.18000030517578,26.530000686645508,1651100,0.0,0.0
2015-08-05,26.809999465942383,27.229999542236328,25.75,25.84000015258789,2519500,0.0,0.0
2015-08-06,25.450000762939453,26.6200008392334,25.09000015258789,26.5,3545000,0.0,0.0
2015-08-07,26.200000762939453,26.90999984741211,25.610000610351562,25.969999313354492,2045500,0.0,0.0
2015-08-10,26.06999969482422,27.1200008392334,25.829999923706055,27.030000686645508,1619300,0.0,0.0
2015-08-11,26.270000457763672,26.93000030517578,26.06999969482422,26.809999465942383,1732500,0.0,0.0
2015-08-12,26.75,28.010000228881836,26.739999771118164,27.940000534057617,1880900,0.0,0.0
2015-08-13,27.729999542236328,27.760000228881836,26.420000076293945,26.690000534057617,1754100,0.0,0.0
2015-08-14,26.700000762939453,27.31999969482422,26.600000381469727,27.09000015258789,2034100,0.0,0.0
2015-08-17,26.90999984741211,27.75,26.639999389648438,27.1200008392334,1577800,0.0,0.0
2015-08-18,27.100000381469727,27.56999969482422,26.6200008392334,27.420000076293945,1724100,0.0,0.0
2015-08-19,27.209999084472656,27.579999923706055,25.1299991607666,25.440000534057617,2705500,0.0,0.0
2015-08-20,25.34000015258789,26.239999771118164,25.190000534057617,25.3799991607666,2063000,0.0,0.0
2015-08-21,24.81999969482422,25.719999313354492,24.219999313354492,24.229999542236328,3038700,0.0,0.0
2015-08-24,23.75,23.950000762939453,22.139999389648438,22.309999465942383,3850600,0.0,0.0
2015-08-25,23.559999465942383,23.559999465942383,21.579999923706055,21.610000610351562,3328600,0.0,0.0
2015-08-26,22.329999923706055,22.860000610351562,21.540000915527344,22.850000381469727,3432800,0.0,0.0
2015-08-27,23.65999984741211,24.59000015258789,23.139999389648438,24.260000228881836,3286300,0.0,0.0
2015-08-28,24.06999969482422,26.079999923706055,24.06999969482422,25.239999771118164,3188500,0.0,0.0
2015-08-31,25.360000610351562,26.030000686645508,24.329999923706055,25.84000015258789,3563100,0.0,0.0
2015-09-01,25.270000457763672,26.309999465942383,24.899999618530273,25.84000015258789,3466700,0.0,0.0
2015-09-02,26.260000228881836,26.329999923706055,24.760000228881836,25.719999313354492,2117100,0.0,0.0
2015-09-03,26.0,26.790000915527344,25.350000381469727,26.149999618530273,1463000,0.0,0.0
2015-09-04,25.729999542236328,25.860000610351562,25.06999969482422,25.270000457763672,1403300,0.0,0.0
2015-09-08,25.350000381469727,25.8700008392334,24.8799991607666,25.479999542236328,1381900,0.0,0.0
2015-09-09,25.719999313354492,26.299999237060547,24.950000762939453,25.030000686645508,2185800,0.0,0.0
2015-09-10,25.059999465942383,25.450000762939453,24.600000381469727,25.139999389648438,2317300,0.0,0.0
2015-09-11,24.700000762939453,24.809999465942383,24.170000076293945,24.600000381469727,1969100,0.0,0.0
2015-09-14,24.3799991607666,24.489999771118164,23.559999465942383,23.690000534057617,1839500,0.0,0.0
2015-09-15,23.84000015258789,24.360000610351562,23.739999771118164,23.799999237060547,2055200,0.0,0.0
2015-09-16,24.079999923706055,25.610000610351562,24.059999465942383,25.540000915527344,2883100,0.0,0.0
2015-09-17,25.43000030517578,26.1200008392334,25.139999389648438,25.209999084472656,2174600,0.0,0.0
2015-09-18,24.670000076293945,24.799999237060547,23.389999389648438,23.559999465942383,5262200,0.0,0.0
2015-09-21,23.780000686645508,24.0,23.079999923706055,23.190000534057617,1938100,0.0,0.0
2015-09-22,22.760000228881836,23.329999923706055,22.510000228881836,22.6200008392334,2347000,0.0,0.0
2015-09-23,22.6200008392334,22.899999618530273,21.639999389648438,21.899999618530273,2116600,0.0,0.0
2015-09-24,21.770000457763672,22.260000228881836,21.389999389648438,21.940000534057617,3138300,0.0,0.0
2015-09-25,22.040000915527344,22.190000534057617,21.360000610351562,21.520000457763672,2486300,0.0,0.0
2015-09-28,21.100000381469727,21.3799991607666,20.1200008392334,20.200000762939453,3281400,0.0,0.0
2015-09-29,20.3799991607666,20.790000915527344,20.0,20.510000228881836,2432200,0.0,0.0
2015-09-30,20.799999237060547,21.170000076293945,20.309999465942383,21.15999984741211,2521800,0.0,0.0
2015-10-01,21.450000762939453,22.510000228881836,21.06999969482422,21.209999084472656,3892500,0.0,0.0
2015-10-02,20.979999542236328,22.1200008392334,20.799999237060547,21.979999542236328,2472100,0.0,0.0
2015-10-05,22.270000457763672,23.31999969482422,22.15999984741211,23.260000228881836,1976700,0.0,0.0
2015-10-06,23.350000381469727,25.610000610351562,22.860000610351562,25.56999969482422,4447400,0.0,0.0
2015-10-07,26.0,26.59000015258789,24.510000228881836,25.200000762939453,3092400,0.0,0.0
2015-10-08,25.260000228881836,26.1200008392334,25.0,25.829999923706055,2036500,0.0,0.0
2015-10-09,25.989999771118164,26.15999984741211,24.809999465942383,24.860000610351562,2464400,0.0,0.0
2015-10-12,24.719999313354492,24.719999313354492,23.190000534057617,23.649999618530273,2349000,0.0,0.0
2015-10-13,23.489999771118164,24.399999618530273,23.010000228881836,23.579999923706055,2000000,0.0,0.0
2015-10-14,23.360000610351562,23.899999618530273,22.979999542236328,23.649999618530273,1499600,0.0,0.0
2015-10-15,23.450000762939453,24.489999771118164,23.399999618530273,24.219999313354492,1326000,0.0,0.0
2015-10-16,24.139999389648438,24.5,23.170000076293945,24.1200008392334,1428800,0.0,0.0
2015-10-19,23.530000686645508,23.8700008392334,22.299999237060547,23.239999771118164,1480100,0.0,0.0
2015-10-20,23.260000228881836,24.200000762939453,23.030000686645508,23.760000228881836,1305700,0.0,0.0
2015-10-21,23.559999465942383,23.84000015258789,22.270000457763672,22.399999618530273,1337500,0.0,0.0
2015-10-22,22.530000686645508,22.829999923706055,21.520000457763672,21.90999984741211,1990600,0.0,0.0
2015-10-23,21.700000762939453,22.15999984741211,21.15999984741211,21.969999313354492,1921000,0.0,0.0
2015-10-26,21.899999618530273,22.040000915527344,21.15999984741211,21.399999618530273,3770400,0.0,0.0
2015-10-27,20.940000534057617,21.239999771118164,20.610000610351562,20.700000762939453,2704200,0.0,0.0
2015-10-28,20.760000228881836,21.799999237060547,20.520000457763672,21.18000030517578,3574200,0.0,0.0
2015-10-29,24.1200008392334,24.1200008392334,21.5,22.8799991607666,4061600,0.0,0.0
2015-10-30,23.200000762939453,23.799999237060547,22.309999465942383,23.56999969482422,3827600,0.0,0.0
